0.0,0.3,0.6,0.9,1.2,1.5,1.8,2.1,2.4,2.7,3.0,3.3,3.6,3.9,4.2,4.5,4.8,5.1,5.4,5.7,6.0,6.3,6.6,6.9,7.2,7.5,7.8,8.1,8.4,8.7,9.0,9.3,9.6,9.9,10.2,10.5,10.8,11.1,11.4,11.7,12.0,12.3,12.6,12.9,13.2,13.5,13.8,14.1,14.4,14.7,15.0,15.3,15.6,15.9,16.2,16.5,16.8,17.1,17.4,17.7,18.0,18.3,18.6,18.9,19.2,19.5,19.8,20.1,20.4,20.7,21.0,21.3,21.6,21.9,22.2,22.5,22.8,23.1,23.4,23.7,24.0,24.3,24.6,24.9,25.2,25.5,25.8,26.1,26.4,26.7,27.0,27.3,27.6,27.9,28.2,28.5,28.8,29.1,29.4,29.7,30.0,30.3,30.6,30.9,31.2,31.5,31.8,32.1,32.4,32.7,33.0,33.3,33.6,33.9,34.2,34.5,34.8,35.1,35.4,35.7,36.0,36.3,36.6,36.9,37.2,37.5,37.8,38.1,38.4,38.7,39.0,39.3,39.6,39.9,40.2,40.5,40.8,41.1,41.4,41.7,42.0,42.3,42.6,42.9,43.2,43.5,43.8,44.1,44.4,44.7,45.0,45.3,45.6,45.9,46.2,46.5,46.8,47.1,47.4,47.7,48.0,48.3,48.6,48.9,49.2,49.5,49.8,50.1,50.4,50.7,51.0,51.3,51.6,51.9,52.2,52.5,52.8,53.1,53.4,53.7,54.0,54.3,54.6,54.9,55.2,55.5,55.8,56.1,56.4,56.7,57.0,57.3,57.6,57.9,58.2,58.5,58.8,59.1,59.4,59.7
0.6304,0.4833,0.5795,0.7033,0.7538,0.892,0.8355,0.8668,0.8439,0.7837,0.7143,0.6693,0.5672,0.4721,-1.8352,-1.7252,-1.6102,-1.5137,-1.445,-1.3913,-1.3138,-1.4156,-1.4984,-1.4754,-1.5386,-1.6145,-1.7115,-1.8316,-1.7302,-1.6068,-1.5652,-1.4678,-1.3676,-1.3335,-1.371,-1.4145,-1.449,-1.5163,-1.6162,-1.7546,-1.8464,-1.7877,-1.6561,-1.5444,-1.5245,-1.4442,-1.3904,-1.3463,-1.4288,-1.4657,-1.4816,-1.5763,-1.7427,-1.7991,-1.801,-1.7467,-1.5699,-1.5336,-1.4689,-1.3994,-1.3746,-1.3477,-1.4294,-1.5208,-1.5737,-1.6627,-1.7815,-1.8318,-1.7465,-1.6314,-1.5296,-1.5,-1.413,-1.3233,-1.3545,-1.3954,-1.4628,-1.5447,-1.5499,-1.7194,-1.8922,-1.7508,-1.6836,-1.542,-1.4854,-1.4276,-1.3797,-1.3459,-1.3947,-1.4246,-1.5766,-1.584,-1.7,-1.788,-1.843,-1.7006,-1.5857,-1.4893,-1.4314,-1.4043,-1.3688,-1.4023,-1.4313,-1.4036,-1.5286,-1.6231,-1.6816,-1.8454,-1.7748,-1.5766,-1.5786,-1.4355,-1.403,-1.3891,-1.3218,-1.4034,-1.4712,-1.5192,-1.6145,-1.713,-1.7972,-1.7507,-1.7218,-1.5699,-1.485,-1.431,-1.3814,-1.3583,-1.4294,-1.4396,-1.5112,-1.6147,-1.6846,-1.8211,-1.8488,-1.694,-1.5695,-1.535,-1.4129,-1.3841,-1.3468,-1.3741,-1.4145,-1.453,-1.5541,-1.6913,-1.7771,-1.8346,-1.7561,-1.6434,-1.5345,-1.4256,-1.389,-1.4314,-1.3785,-1.4098,-1.4344,-1.4925,-1.626,-1.699,-1.7934,-1.8364,-1.6758,-1.5631,-1.5069,-1.4781,-1.4213,-1.3117,-1.3578,-1.4262,-1.4903,-1.6281,-1.6899,-1.7542,-1.7997,-1.6812,-1.6234,-1.5308,-1.396,-1.3413,-1.3318,-1.4085,-1.4292,-1.4476,-1.5632,-1.5943,-1.6849,-1.8741,-1.7322,-1.6286,-1.5389,-1.4788,-1.438,-1.2985,-1.3631,-1.3821,-1.4628,-1.5793,-1.6392,-1.6624
0.556,0.5048,0.571,0.6943,0.7372,0.8161,0.8479,0.8837,0.8304,0.7997,0.7936,0.6427,0.6241,0.4092,0.4242,0.5805,0.6603,0.7293,0.7858,0.9008,0.8609,0.801,0.8268,0.7549,0.6477,0.5973,0.4947,0.402,0.5052,0.5842,0.6622,0.8076,0.8498,0.8804,0.837,0.8085,0.8084,0.74,0.6885,0.5012,0.4415,0.4305,0.5784,0.6622,0.7509,0.817,0.8798,0.931,0.8182,0.8612,0.7267,0.662,0.5363,0.4157,0.4491,0.5061,0.619,0.7593,0.8237,0.8636,0.8614,0.8729,0.8377,0.8383,0.6791,0.5954,0.4655,0.345,0.5288,0.6481,0.666,0.8234,0.8142,0.8415,0.8669,0.8706,0.8098,0.6943,0.6266,0.5523,0.4719,3.668,3.8694,3.8388,3.9945,4.0209,4.0724,4.0455,4.0445,3.9587,3.8824,3.854,3.7356,3.689,3.5491,3.6882,3.8069,3.9161,3.9947,4.0251,4.1041,4.045,4.004,3.9853,3.8878,3.8271,3.71,3.6174,3.6359,3.7465,3.9817,3.9905,4.1014,4.0563,4.0456,3.997,3.9683,3.9214,3.8242,3.7561,3.6255,3.631,3.8039,3.8974,3.955,3.9835,4.0072,4.0296,4.0502,3.9536,3.9253,3.9034,3.7575,3.6611,3.576,3.7011,3.8719,3.943,3.9931,4.0549,4.1004,4.0385,4.0377,3.9015,3.8987,3.814,3.6635,3.6583,3.6789,3.8222,3.9396,3.981,4.0191,4.0629,4.0172,4.0538,3.947,3.9769,3.8211,3.6954,3.5479,3.6105,3.7572,3.8836,3.9751,4.0106,4.0508,4.1029,4.0458,4.0222,3.9397,3.8342,3.7421,3.6802,3.6293,3.6873,3.8068,3.9093,3.9275,4.0374,4.0698,4.0399,4.0556,3.9464,3.8956,3.7718,3.7337,3.6491,3.6699,3.7904,3.9397,3.9941,3.9813,4.0785,3.9973,3.9985,4.0168,3.9024,3.8704,3.7343
0.5463,0.4583,0.6372,0.6697,0.7638,0.8362,0.8455,0.8598,0.8266,0.7944,0.7704,0.6928,0.5439,0.4648,0.4242,0.5467,0.6286,0.761,0.8022,0.8743,0.8831,0.89,0.8581,0.772,0.6294,0.5929,0.432,0.446,0.504,0.6076,0.705,0.7872,0.7995,0.8319,0.8497,0.8236,0.8175,0.7416,0.5991,0.562,0.4373,0.5176,0.5521,0.7115,0.7802,0.7676,0.8987,0.8958,0.8377,0.8538,0.6979,0.6646,0.5591,0.4672,0.3879,0.5265,0.647,0.7465,0.8056,0.8087,0.8113,0.9045,0.8422,0.7795,0.6651,0.6255,0.4537,0.4203,0.4637,0.5626,0.7196,0.7667,0.7868,0.9257,0.8986,0.8586,0.764,0.8101,0.5974,0.5322,0.4155,-0.8754,-0.6937,-0.6043,-0.5813,-0.4198,-0.4294,-0.3549,-0.4679,-0.477,-0.4979,-0.6184,-0.729,-0.8097,-0.8356,-0.7534,-0.6106,-0.5597,-0.4182,-0.3949,-0.3934,-0.3919,-0.4502,-0.5752,-0.5908,-0.7121,-0.8133,-0.8683,-0.7601,-0.6742,-0.5477,-0.4615,-0.4059,-0.3547,-0.4195,-0.4332,-0.5062,-0.5995,-0.6552,-0.716,-0.9077,-0.784,-0.6958,-0.5775,-0.4965,-0.4189,-0.3488,-0.396,-0.4313,-0.4786,-0.616,-0.639,-0.7272,-0.8632,-0.8534,-0.6899,-0.6509,-0.5842,-0.5,-0.3805,-0.3946,-0.3574,-0.4628,-0.5581,-0.6189,-0.6618,-0.7828,-0.9326,-0.8134,-0.671,-0.5719,-0.4729,-0.4759,-0.4292,-0.4405,-0.4979,-0.5153,-0.5575,-0.6678,-0.7599,-0.8116,-0.8083,-0.7602,-0.691,-0.519,-0.4719,-0.3636,-0.3594,-0.4433,-0.5024,-0.5881,-0.6051,-0.7309,-0.8095,-0.8822,-0.7694,-0.6237,-0.5173,-0.5414,-0.3818,-0.3954,-0.461,-0.4795,-0.4899,-0.6137,-0.68,-0.8089,-0.8314,-0.7596,-0.6912,-0.556,-0.4857,-0.4285,-0.3809,-0.3727,-0.4528,-0.4463,-0.5926,-0.6815,-0.7448
0.5865,0.4941,0.553,0.7017,0.7563,0.8864,0.9214,0.8617,0.8067,0.8049,0.7537,0.6694,0.4835,0.5039,0.4769,0.4918,0.637,0.7352,0.7584,0.8197,0.8992,0.7914,0.8765,0.7662,0.6872,0.6371,0.4861,0.3411,0.5285,0.5874,0.7058,0.7853,0.8471,0.8284,0.8681,0.8405,0.7316,0.7298,0.5789,0.5117,0.472,0.4664,0.583,0.6738,0.7396,0.8226,0.8729,0.8588,0.8019,0.7607,0.7021,0.7073,0.5669,0.3758,0.4276,0.5034,0.6556,0.7412,0.7932,0.8934,0.9247,0.8424,0.7918,0.7642,0.6954,0.5555,0.4388,0.4108,0.5206,0.6159,0.6751,0.7647,0.8545,0.8984,0.8982,0.8082,0.7547,0.6503,0.6518,0.5238,0.4216,0.4576,0.5191,0.7116,0.724,0.828,0.8386,0.9169,0.8617,0.7917,0.7033,0.6934,0.5205,0.4398,0.4685,0.5343,0.6733,0.7361,0.7822,0.8456,0.9421,0.8922,0.7627,0.7703,0.7405,0.6654,0.4902,0.4206,0.457,0.5678,0.6844,0.8221,0.8421,0.8316,0.8898,0.8771,0.7517,0.7365,0.6215,0.5307,0.4018,0.4607,0.6219,0.6617,-2.1825,-2.0791,-2.0299,-1.9844,-2.0972,-2.1354,-2.1241,-2.2684,-2.401,-2.4416,-2.5058,-2.3745,-2.3185,-2.1228,-2.1072,-2.1165,-2.0012,-2.0667,-2.1301,-2.1639,-2.1727,-2.3206,-2.4444,-2.5103,-2.4256,-2.26,-2.2268,-2.1495,-2.1075,-1.9995,-2.0366,-2.1031,-2.14,-2.1975,-2.3181,-2.4012,-2.5247,-2.4275,-2.3352,-2.2748,-2.1582,-2.1363,-2.0573,-2.036,-2.055,-2.1188,-2.1725,-2.2269,-2.3314,-2.4482,-2.4742,-2.4023,-2.2781,-2.2673,-2.1181,-2.0791,-2.1083,-2.0497,-2.1013,-2.1008,-2.2888,-2.3261,-2.3929,-2.5108,-2.4131,-2.2692,-2.1727,-2.1659,-2.0446,-2.0008,-2.0568,-2.1041,-2.079,-2.2066,-2.2856,-2.3621
0.576,0.4934,0.5708,0.6906,0.81,0.8874,0.9134,0.9018,0.8671,0.7785,0.7157,0.6378,0.5798,0.5222,0.4083,0.5918,0.6382,0.6747,0.7931,0.8441,0.8276,0.8784,0.7942,0.7599,0.7353,0.5766,0.4997,0.4298,0.4843,0.6404,0.6879,0.8373,0.85,0.8677,0.8932,0.8104,0.7985,0.7548,0.6194,0.5259,0.3701,0.4524,0.6323,0.6837,0.7549,0.7964,0.8827,0.8719,0.8409,0.7987,0.7191,0.6424,0.5047,0.4428,0.3918,0.4754,0.6561,0.6963,0.806,0.8643,0.9145,0.893,0.812,0.8038,0.6797,0.59,0.5216,0.3643,0.4759,0.6686,0.7159,0.787,0.8217,0.834,0.8868,0.8322,0.8606,0.7521,0.5913,0.5416,0.432,0.4595,0.5628,0.6673,0.7803,0.8232,0.9278,0.8763,0.9175,0.8314,0.7384,0.6469,0.5337,0.4811,0.4279,0.5451,0.64,0.767,0.79,0.8372,0.8201,0.8929,0.81,0.7597,0.6113,0.5837,0.4576,0.411,0.4773,0.6375,0.7322,0.7159,0.7965,0.8526,0.8516,0.8812,0.7394,0.6974,0.6131,0.5481,0.3797,0.4414,0.5859,0.7191,0.7638,0.8329,0.8656,0.9047,0.823,0.805,0.735,0.7045,0.5442,0.3671,0.4715,0.5882,0.6552,0.7176,0.803,0.8222,0.8879,0.8909,0.8179,0.7564,0.7157,0.5469,0.5133,0.4149,0.4814,0.6291,0.6941,0.817,0.8526,0.8912,0.8467,0.8263,0.7768,0.7064,0.5772,0.4836,0.3766,0.44,0.5119,0.6978,0.8023,0.8368,0.8679,0.8409,0.8175,0.7898,0.7615,0.6258,0.5558,0.4689,0.4543,0.5712,0.6534,0.7882,0.8401,0.8251,0.9129,0.8926,0.8355,0.7911,0.6924,0.6075,0.5092,0.3687,0.4915,0.641,0.6745,0.8033,0.8347,0.851,0.9205,0.7748,0.7649,0.7059,0.6789,0.499
0.576,0.4653,0.605,0.645,0.8079,0.8422,0.8381,0.8624,0.8565,0.7922,0.7157,0.6468,0.6084,0.3999,0.3903,0.5493,0.6124,0.7453,0.8106,0.8184,0.9266,0.856,0.8057,0.7458,0.6798,0.6136,0.4727,0.3872,0.5051,0.632,0.7001,0.7861,0.8355,0.8249,0.8467,0.8311,0.7994,0.7418,0.6396,0.5575,0.4095,0.5097,0.58,0.6563,0.7677,0.8039,0.9152,0.877,0.815,0.7661,0.7145,0.6368,0.5327,0.4169,0.4462,0.5464,0.6577,0.7391,0.8268,0.8614,0.8687,0.8779,0.8357,0.8067,0.6732,0.5792,0.4867,0.4142,0.4889,0.5448,0.7026,0.8096,0.8555,0.9327,0.8585,0.898,0.8011,0.686,0.6185,0.514,0.4182,0.4468,0.5837,0.6732,0.7698,0.7468,0.8885,0.9086,0.8614,0.7765,0.7667,0.646,0.6401,0.4524,0.3906,0.5308,0.6446,0.7829,0.8636,0.8178,0.8879,0.9143,0.8465,0.7685,0.7373,0.5536,0.4932,0.431,0.4551,0.6169,0.7414,0.7974,0.8437,0.8523,0.9168,0.8402,0.7454,0.6798,0.6186,0.5072,0.4801,0.4773,0.6138,0.7311,0.7593,0.8568,0.8951,0.9194,0.9019,0.8217,0.7081,0.6448,0.5576,0.4581,0.4623,0.5165,0.6595,0.7599,0.8246,0.878,0.9156,0.8405,0.7695,0.7469,0.6798,0.6219,0.5283,0.3902,0.4769,0.5834,0.7599,0.7543,0.8028,0.941,0.8433,0.8393,0.7704,0.7717,0.6554,0.5103,0.3964,0.4885,0.5318,0.674,0.7413,0.8077,0.8153,0.8535,0.8658,0.833,0.753,0.6956,0.588,0.4104,0.4787,0.5236,0.6557,-2.6747,-2.6376,-2.517,-2.5732,-2.5395,-2.5656,-2.6325,-2.7418,-2.7772,-2.9203,-2.9997,-2.9097,-2.8675,-2.7151,-2.6416,-2.5751,-2.5886,-2.5349,-2.5878,-2.6394,-2.6769,-2.7606,-2.9343
0.5453,0.4392,0.5857,0.6973,0.8252,0.8676,0.9044,0.8828,0.8346,0.8032,0.73,0.6827,0.5918,0.3973,0.4355,0.4837,0.6223,0.7525,0.8423,0.8123,0.944,0.8504,0.7766,0.7711,0.6958,0.5915,0.483,0.4552,0.4543,0.6343,0.7461,0.7309,0.8728,0.91,0.9035,0.8408,0.7305,0.71,0.6074,0.5171,0.4587,0.4215,0.5548,0.7078,0.7655,0.8624,0.8911,0.8511,0.8297,0.7531,0.7022,0.6399,0.6308,0.5227,0.3788,0.5192,0.6385,0.7694,0.8102,0.8817,0.8882,0.8474,0.862,0.7522,0.7057,0.5805,0.4969,3.5098,3.6199,3.7227,3.8526,3.8978,3.9747,4.0153,4.0358,3.9031,3.8951,3.8752,3.7348,3.6105,3.5529,3.6219,3.7207,3.8381,3.8243,3.9123,3.9758,4.0357,3.9519,3.932,3.8525,3.7412,3.7084,3.5511,3.5291,3.662,3.84,3.9104,3.9178,3.9712,4.0459,3.9714,3.8969,3.9399,3.7549,3.6865,3.5801,3.4954,3.6305,3.7196,3.8155,3.8663,3.9716,3.954,4.009,3.904,3.9226,3.8797,3.7022,3.7121,3.524,3.5509,3.7006,3.7739,3.8712,3.9275,4.0028,3.9924,3.9279,3.9233,3.8847,3.7735,3.6732,3.5585,3.5434,3.6362,3.7524,3.8256,3.8932,4.0049,4.1091,3.9975,3.9416,3.8816,3.7893,3.6768,3.5851,3.4861,3.6377,3.6837,3.8246,3.9054,3.9286,3.9818,4.0117,3.9248,3.8909,3.8579,3.7579,3.6276,3.5324,3.5855,3.6912,3.7751,3.9175,3.8905,4.0169,4.0429,4.0024,3.9689,3.8597,3.816,3.6523,3.5715,3.5255,3.6323,3.8126,3.8734,3.8882,3.9634,4.0366,3.9332,3.9437,3.8576,3.8023,3.7173,3.5841,3.4994,3.6279,3.7561,3.8368,3.8799,3.9985,4.0419,3.98,3.9385,3.9136,3.8152,3.7423,3.6726
0.5652,0.4968,0.5383,0.7081,0.756,0.8161,0.881,0.8865,0.7641,0.8395,0.7768,0.6455,0.562,0.4775,0.4546,0.5972,0.6893,0.7234,0.8558,0.8615,0.8468,0.8685,0.8127,0.7728,0.7572,0.5597,0.4988,0.4352,0.4724,0.6034,0.718,0.7713,0.8408,0.8795,0.8604,0.8265,0.7646,0.7643,0.6268,0.5247,0.4502,0.5084,0.5725,0.7016,0.6935,0.7949,0.8077,0.8697,0.898,0.8293,0.7062,0.6891,0.5545,0.5088,0.4028,0.5382,0.7092,0.7322,0.8468,0.915,0.8423,0.9032,0.8232,0.7901,0.666,0.6371,0.5254,0.473,0.4897,0.6378,0.7736,0.8132,0.8504,0.8926,0.8885,0.8236,0.7452,0.7248,0.6712,0.5303,0.464,0.4057,0.5888,0.645,0.7407,0.8779,0.8559,0.9464,0.8909,0.7829,0.7818,0.6461,0.5786,0.4776,0.4264,0.5439,0.6472,0.7416,0.8252,0.8286,0.8715,0.7953,0.8851,0.7616,0.6394,0.6081,0.4935,0.4545,0.4725,0.6495,0.6676,0.8043,0.8445,0.9003,0.8861,0.8804,0.7884,0.784,0.6422,0.503,0.447,0.4737,0.5613,0.6939,0.761,0.8639,0.9204,0.8842,0.8567,0.8024,0.7557,0.6489,0.5285,0.3977,0.4109,0.5889,0.6219,0.7712,0.7872,0.8307,0.9042,0.8653,0.8315,0.7712,0.6607,0.6208,0.5451,0.388,0.4623,0.6442,0.7118,0.7737,0.7814,0.8518,0.8728,0.8348,0.774,0.6915,0.661,0.4988,0.4283,0.421,0.5467,0.6877,0.7901,0.8277,0.8522,0.8593,0.8349,0.8384,0.7462,0.6396,0.5421,0.4251,0.4411,0.5718,0.7064,0.7744,0.7994,0.882,0.8953,0.8497,0.8149,0.7297,0.7207,0.6163,0.4798,0.3692,0.5009,0.5829,0.7088,0.7764,0.822,0.88,0.8748,0.8501,0.7397,0.681,0.6808,0.5171
0.5774,0.4461,0.5512,0.6447,0.7864,0.8617,0.886,0.8983,0.8709,0.7299,0.7462,0.6441,0.584,0.4521,0.4011,0.5074,0.7079,0.7188,0.8074,0.8428,0.8427,0.8677,0.8207,0.7108,0.7011,0.6017,0.4886,0.3707,0.4436,0.6117,0.717,0.7469,0.8103,0.8346,0.9105,0.8362,0.7585,0.6849,0.6339,0.5504,0.4205,0.4624,0.5793,0.6992,0.7727,0.8716,0.8444,0.8859,0.8324,0.8231,0.7886,0.6479,0.5778,0.4811,0.4498,0.5303,0.6556,0.7331,0.8195,0.8505,0.9019,0.8651,0.7945,0.7291,0.7091,0.5808,0.4596,0.3351,0.4943,0.6653,0.6991,0.799,0.8621,0.8938,0.8371,0.8248,0.7627,0.7221,0.6684,0.5668,0.4058,0.4308,0.5946,0.6839,0.822,0.898,0.8683,0.8702,0.8839,0.8098,0.78,0.645,0.5486,0.4215,0.423,0.5285,0.6682,0.7608,0.7881,0.8638,0.8495,0.8982,0.8569,0.7649,0.6638,0.6337,0.4993,0.3733,0.4804,0.6076,0.7407,0.7117,0.7704,0.8939,0.8626,0.8953,0.7935,0.7577,0.6084,0.4962,0.4319,0.5235,0.5503,0.6789,0.7369,0.8225,0.8862,0.8501,0.8029,0.8497,0.7163,0.6898,0.5602,0.419,0.4349,0.5821,0.6823,0.7523,0.8786,0.8717,0.8712,0.8657,0.786,0.758,0.6921,0.618,0.4799,0.354,0.5021,0.6303,0.735,0.7747,0.873,0.8786,0.8778,0.8711,0.7656,0.7373,0.6201,0.5501,0.4126,0.4556,0.5526,0.6597,0.7018,0.8209,0.8404,0.8559,0.7763,0.8153,0.7201,0.6705,0.5258,0.5901,0.3658,0.4953,0.6772,0.7099,0.7896,0.8746,0.8483,0.8665,0.7912,0.6988,0.7267,0.6625,0.4689,0.3899,0.5179,0.5974,0.6732,0.8059,0.8586,0.7858,0.8699,0.8703,0.7781,0.7422,0.667,0.5398
0.5669,0.4525,0.5618,0.6855,0.8083,0.8837,0.901,0.8829,0.8738,0.8156,0.746,0.692,0.5938,0.427,0.461,0.5448,0.6763,0.7374,0.8314,0.8249,0.8606,0.8616,0.8405,0.7879,0.6419,0.5956,0.5151,0.4508,0.4919,0.6107,0.6792,0.8122,0.7644,0.8922,0.8733,0.8775,0.7558,0.7211,0.6262,0.522,0.3752,0.3981,0.5922,0.6644,0.7818,0.8273,0.8866,0.8582,0.8188,0.8009,0.6982,0.6283,0.5609,0.4511,0.4363,0.4864,0.7184,0.7506,0.7824,0.8583,0.871,0.8692,0.853,0.724,0.7009,0.6021,0.4593,0.4252,0.4442,0.5948,0.7794,0.8107,0.8622,0.8538,0.8744,0.8352,0.785,0.6884,0.6446,0.5109,0.3918,0.4458,0.5598,0.6655,0.7564,0.8354,0.9104,0.8454,0.8758,0.8184,0.7281,0.7069,0.5262,0.5034,0.401,0.5032,0.6447,0.7401,0.8518,0.8492,0.8049,0.8615,0.8271,0.7925,0.6816,0.5785,0.4577,0.4085,0.519,0.6625,0.7377,0.81,0.8563,0.8697,0.934,0.8392,0.7601,0.7585,0.6739,0.5129,0.4229,0.4589,0.561,0.6132,0.8039,0.8443,0.8582,0.7946,0.841,0.8146,0.7237,0.6174,0.572,0.489,-1.7125,-1.6358,-1.4756,-1.3879,-1.2679,-1.2568,-1.2156,-1.2516,-1.2609,-1.3652,-1.4206,-1.4527,-1.6132,-1.7654,-1.6455,-1.5086,-1.349,-1.3688,-1.2154,-1.2675,-1.2435,-1.2337,-1.3824,-1.3604,-1.4621,-1.5543,-1.776,-1.6429,-1.5227,-1.4135,-1.2953,-1.3104,-1.3188,-1.2294,-1.2237,-1.3222,-1.3623,-1.4677,-1.5797,-1.6785,-1.6718,-1.5558,-1.4654,-1.3971,-1.3081,-1.2838,-1.209,-1.2182,-1.2887,-1.3703,-1.4319,-1.5012,-1.6395,-1.6894,-1.6537,-1.4431,-1.3314,-1.3458,-1.2893,-1.208,-1.2083,-1.268,-1.3271,-1.4107,-1.4518,-1.6242
0.5853,0.4494,0.6227,0.6599,0.7247,0.8125,0.9251,0.9226,0.8351,0.8071,0.7247,0.7234,0.5595,0.4177,0.4907,0.5561,0.6598,0.7026,0.8158,0.8477,0.9129,0.8637,0.7998,0.8165,0.681,0.5941,0.5263,0.4392,0.519,0.6398,0.7367,0.8128,0.8345,0.9535,0.8748,0.8498,0.7756,0.7199,0.6211,0.5727,0.4201,0.3957,0.5407,0.6476,0.7508,0.833,0.8954,0.8126,0.8582,0.8078,0.8188,0.6682,0.5013,0.472,0.4619,0.5831,0.6899,0.7734,0.8655,0.9064,0.8659,0.8572,0.8099,0.7765,0.656,0.5496,0.4828,0.4588,0.4888,0.6503,0.6767,0.8568,0.8525,0.8891,0.841,0.8855,0.7951,0.7464,0.6312,0.4994,0.391,0.4444,0.5924,0.6443,0.7507,0.8897,0.8762,0.8491,0.7595,0.8137,0.6375,0.6458,0.5579,0.438,0.4503,0.5548,0.6264,0.7697,0.7985,0.8916,0.8768,0.8695,0.8188,0.7836,0.6409,0.5918,0.4845,0.3767,0.5359,0.5834,0.6617,0.8129,0.8615,0.8504,0.8286,0.8668,0.7561,0.7546,0.6695,0.5148,0.4397,0.4552,0.5565,0.6231,0.7764,0.7859,0.8592,0.88,0.8544,0.7937,0.7404,0.6415,0.5847,0.4294,0.3801,0.5347,0.6459,0.7271,0.8244,0.8185,0.9349,0.8524,0.8202,0.7772,0.687,0.6688,0.4613,0.4208,0.5447,0.573,0.6414,0.7868,0.8151,0.8994,0.9194,0.8161,0.7865,0.7108,0.7216,0.5545,0.4591,0.4855,0.5484,0.7332,0.7354,0.7879,0.8575,0.8883,0.8482,0.7958,0.7257,0.6595,0.5683,0.4245,0.415,0.5569,0.5585,0.7232,0.792,0.8373,0.8963,0.8416,0.8376,0.7513,0.7014,0.5891,0.474,0.4213,0.4741,0.6368,0.733,0.809,0.8377,0.8776,0.8746,0.85,0.7353,0.7054,0.6377,0.5561
0.6023,0.4302,0.5913,0.682,0.773,0.8234,0.8517,0.8393,0.8438,0.8119,0.7454,0.7089,0.6053,0.452,0.4106,0.5042,0.6151,0.712,0.7996,0.85,0.9302,0.8495,0.8283,0.767,0.6925,0.6211,0.4811,0.4648,0.5207,0.6158,0.6708,0.7482,0.803,0.895,0.84,0.8581,0.8005,0.7213,0.6119,0.4491,0.4014,0.4845,0.5286,0.6805,0.7597,0.795,0.8653,0.8865,0.8561,0.785,0.7315,0.6764,0.558,0.4958,0.3925,0.5535,0.6574,0.6996,0.796,0.881,0.8704,0.8654,0.7707,0.7672,0.6646,0.5899,0.5141,0.4286,0.4944,0.6573,0.726,0.7876,0.8834,0.8121,0.8452,0.8386,0.7561,0.6477,0.609,0.551,0.384,0.4493,0.6102,0.6589,0.7605,0.846,0.8706,0.9406,0.7861,0.8038,0.757,0.6426,0.5754,0.4895,0.4254,0.5294,0.6442,0.7466,0.8178,0.8388,0.892,0.8785,0.7398,0.7796,0.6897,0.5491,0.5342,0.4539,0.4509,0.6648,0.7264,0.7792,0.855,0.8891,0.8383,0.8944,0.8251,0.7266,0.6291,0.5726,0.4065,0.4689,0.5804,0.6432,0.7482,0.8564,0.8287,0.8681,0.7912,0.8099,0.7624,0.6721,0.5714,0.4324,0.3974,0.5415,0.6346,0.7368,0.8039,0.8566,0.8571,0.9024,0.7838,0.7768,0.6811,0.6218,0.4842,0.3846,0.505,0.6177,0.7215,0.793,0.8287,0.845,0.8872,0.8954,0.8083,0.688,0.6005,0.5421,0.4161,0.505,0.5652,0.675,0.7793,0.8552,0.8447,0.9079,0.8102,0.8075,0.7413,0.6588,0.5244,0.4917,0.4475,0.5265,0.6698,0.7385,0.7402,0.8592,0.903,0.8511,0.8203,0.7492,0.6441,0.5179,0.495,0.3515,0.5233,0.6012,0.7471,0.7844,0.8524,0.8693,0.8401,0.7674,0.7722,0.7466,0.5661,0.4952
0.591,0.4069,0.5788,0.6863,0.7204,0.8438,0.8134,0.9143,0.8468,0.7519,0.6716,0.6537,0.5431,0.4336,0.5074,0.5589,0.7204,0.7217,0.7739,0.8777,0.898,0.8998,0.8168,0.74,0.7144,0.5607,0.473,0.4166,0.4553,0.673,0.7436,0.7893,0.881,0.9047,0.8234,0.8493,0.8426,0.7307,0.6197,0.5242,0.4323,0.4262,0.5915,0.6397,0.7887,0.8421,0.8448,0.8772,0.8597,0.755,0.7548,0.6882,0.598,0.3956,0.3943,0.5297,0.6862,0.7209,0.7977,0.875,0.8604,0.8755,0.8265,0.8089,0.7207,0.5759,0.5323,0.4183,0.5452,0.6547,0.7342,0.7602,0.8569,0.8655,0.8955,0.857,0.7616,0.6989,0.6467,0.5599,0.3917,0.4517,0.5805,0.755,0.7523,0.8389,0.88,0.8833,0.8383,0.8035,0.7334,0.6495,0.5353,0.436,0.4065,0.5441,0.6438,0.7937,0.8282,0.875,0.8658,0.924,0.8106,0.7531,0.717,0.6102,0.4566,0.4087,0.5357,0.6122,0.7621,0.7952,0.8333,0.874,0.9087,0.8684,0.7827,0.7699,0.5733,0.5692,0.3895,0.5387,0.6087,0.6336,0.7085,0.8673,0.8533,0.8377,0.8383,0.783,0.7616,0.6117,0.5346,0.4074,0.433,0.5115,0.6554,0.7081,0.7961,0.8504,0.9365,0.8493,0.7496,0.7873,0.7176,0.5564,0.5321,0.4332,0.4954,0.6116,0.7285,0.7776,0.8554,0.9213,0.8297,0.8052,0.8,0.7413,0.6151,0.5326,0.4016,3.6369,3.7132,3.8917,3.943,4.0213,4.0631,4.0766,4.0169,3.9817,3.8945,3.8739,3.7597,3.6711,3.6384,3.7558,3.8847,3.9244,3.9601,4.029,4.1244,4.1058,4.0194,3.9529,3.9085,3.8276,3.707,3.6365,3.6898,3.8012,3.8404,3.9383,4.0743,4.0775,4.1345,4.0424,3.9746,3.8332,3.8265,3.7015
0.5827,0.5045,0.5966,0.6931,0.7789,0.8651,0.8171,0.8826,0.782,0.8086,0.7571,0.6599,0.5674,0.4969,0.4162,0.5428,0.6463,0.7373,0.7775,0.8796,0.881,0.8903,0.7431,0.8205,0.6247,0.6146,0.5157,0.37,0.503,0.6242,0.7621,0.8168,0.8672,0.9433,0.9166,0.839,0.7899,0.6962,0.6163,0.521,0.437,0.4566,0.5654,0.683,0.7544,0.8623,0.9116,0.8789,0.8051,0.7863,0.7438,0.6609,0.5679,0.4566,0.4196,0.5753,0.6383,0.76,0.7342,0.8383,0.8727,0.843,0.8633,0.7805,0.7331,0.5709,0.503,0.4099,0.5125,0.6135,0.7354,0.793,0.8602,0.9224,0.8986,0.8069,0.8074,0.7635,0.6177,0.4604,0.3629,0.452,0.5487,0.7069,0.7302,0.8523,0.8252,0.9102,0.856,0.8323,0.7336,0.63,0.55,0.4476,0.4102,0.4797,0.6782,0.6997,0.8561,0.8078,0.8631,0.8651,0.8273,0.7234,0.7743,0.5883,0.4833,0.4393,0.5154,0.6366,0.7159,0.7496,0.8248,0.8755,0.9,0.8657,0.8192,0.7063,0.6394,0.4789,0.4213,2.0225,2.2009,2.2751,2.3954,2.4271,2.5126,2.5481,2.4558,2.4304,2.3735,2.2275,2.1356,1.9983,2.0715,2.1597,2.242,2.3499,2.4336,2.3677,2.4829,2.4956,2.386,2.3438,2.3412,2.2751,2.0622,2.0139,2.0783,2.259,2.3345,2.4258,2.4698,2.4707,2.4275,2.4572,2.4541,2.3122,2.1605,2.1607,2.0415,2.0553,2.2151,2.2978,2.4145,2.433,2.4608,2.4814,2.4926,2.4449,2.358,2.2477,2.2288,2.0352,2.0065,2.0909,2.2245,2.3543,2.3445,2.4886,2.4771,2.495,2.4565,2.3101,2.3646,2.1807,2.135,2.0521,2.1119,2.1873,2.3053,2.3799,2.4098,2.4972,2.5109,2.4212,2.3562,2.3082,2.2538,2.0812
0.5761,0.4636,0.5606,0.7118,0.8144,0.7643,0.8965,0.9199,0.8775,0.7729,0.7697,0.6238,0.5773,0.4848,0.4609,0.539,0.7172,0.7306,0.9277,0.8431,0.9125,0.8,0.8526,0.7673,0.6609,0.5889,0.5213,0.4484,0.4887,0.609,0.7308,0.7223,0.8025,0.8851,0.8502,0.8796,0.7442,0.7304,0.6197,0.4961,0.3997,0.4685,0.5665,0.7115,0.7537,0.8366,0.8509,0.8798,0.8202,0.7797,0.7369,0.694,0.5339,0.4676,0.4073,0.5615,0.6634,0.7684,0.8082,0.8245,0.8795,0.8107,0.8627,0.7436,0.6279,0.5748,0.4786,0.4026,0.5211,0.6696,0.7328,0.7601,0.844,0.8725,0.8866,0.865,0.8211,0.738,0.6298,0.5655,0.4448,0.4544,0.561,0.6926,0.7734,0.7869,0.9033,0.9018,0.8607,0.7722,0.7104,0.6803,0.5616,0.4482,0.4732,0.568,0.6402,0.6811,0.7992,0.8744,0.9479,0.8893,0.8658,0.8063,0.6604,0.6031,0.4879,0.4045,0.5557,0.6258,0.7001,0.7434,0.7996,0.868,0.9149,0.8171,0.7865,0.7469,0.662,0.5567,0.4117,0.4462,0.5654,0.7714,0.7537,0.7768,0.8366,0.8709,0.8603,0.7912,0.7144,0.6471,0.5822,0.4793,0.397,0.5486,0.618,0.7238,0.8827,0.8618,0.9601,0.82,0.834,0.7899,0.7066,0.6433,0.4317,0.3883,0.4832,0.6671,0.7231,0.7718,0.8077,0.853,0.8721,0.8754,0.7638,0.6537,0.6238,0.5673,0.437,0.4362,0.6192,0.7443,0.8065,0.8003,0.8178,0.9251,0.8509,0.7833,0.7487,0.6416,0.5051,0.4542,0.4153,0.5508,0.6211,0.7699,0.7991,0.8247,0.9122,0.8857,0.8197,0.7387,0.6434,0.5889,0.514,0.3829,0.4642,0.6728,0.7502,0.8074,0.9236,0.8242,-0.4233,-0.3962,-0.4882,-0.5712,-0.6432,-0.7612
0.604,0.4474,0.543,0.738,0.7602,0.8201,0.8594,0.8846,0.8329,0.793,0.7827,0.718,0.5607,0.4628,0.4585,0.5169,0.6522,0.7152,0.7841,0.8707,0.9079,0.9075,0.84,0.7537,0.706,0.5791,0.4643,0.4045,0.4519,0.626,0.7599,0.7579,0.8106,0.9202,0.8496,0.8368,0.7768,0.7025,0.6416,0.5201,0.3981,0.4692,0.5965,0.7163,0.733,0.8118,0.8535,0.8441,0.8984,0.7939,0.7826,0.6319,0.5778,0.4034,0.3987,0.5854,0.6697,0.7666,0.7979,0.8134,0.8258,0.8059,0.8354,0.7681,0.6772,0.5871,0.447,0.3892,0.4868,0.636,0.6865,0.8097,0.862,0.8876,0.8624,0.8918,0.7991,0.7714,0.6096,0.5167,0.4046,0.4553,0.5713,0.6525,0.7387,0.8165,0.9151,0.8852,0.8586,0.7994,0.6938,0.6747,0.5767,0.437,0.4209,0.5487,0.6248,0.7309,0.8371,0.8606,0.8937,0.9133,0.7846,0.8229,0.6883,0.6245,0.4894,0.4606,0.4768,0.6743,0.7086,0.774,0.856,0.8699,0.9561,0.8338,0.8031,0.6716,0.5934,0.5369,0.4136,0.4574,0.5794,0.6893,0.7198,0.7801,0.8646,0.9103,0.8495,0.7863,0.7559,0.6556,0.5957,0.4977,0.4792,0.5389,0.6021,0.7234,0.7879,0.8891,0.8796,0.7932,0.7835,0.6897,0.7134,0.5583,0.4751,0.3601,0.5321,0.5888,0.709,0.8366,0.8541,0.9315,0.8417,0.8606,0.754,0.7994,0.6238,0.533,0.3748,0.4353,0.5585,0.704,0.7332,0.8757,0.8568,0.9332,0.8817,0.7647,0.797,0.6747,0.6099,0.4854,0.4496,0.4746,0.6522,0.6841,0.8185,0.8486,0.8449,0.8874,0.8697,0.7542,0.7156,0.5543,0.5203,0.4678,0.4774,0.6116,0.6736,0.7945,0.8412,0.8652,2.382,2.3765,2.2666,2.2326,2.1524,2.0703
0.5561,0.4651,0.633,0.7001,0.7427,0.801,0.8525,0.8638,0.8527,0.7637,0.7338,0.644,0.5607,0.4277,0.4179,0.51,0.7004,0.7355,0.7561,0.8644,0.9113,0.8289,0.8085,0.7904,0.6284,0.5691,0.4594,0.4433,0.5327,0.6075,0.7033,0.8113,0.8258,0.8967,0.862,0.8193,0.8004,0.7203,0.6611,0.5181,0.4013,0.5067,0.5728,0.6639,0.8195,0.769,0.8714,0.8814,0.8622,0.7806,0.7351,0.6881,0.5363,0.472,0.411,0.5,0.6505,0.7257,0.7916,0.8919,0.9258,0.9207,0.7912,0.8457,0.7107,0.6111,0.5198,0.4211,0.4792,0.6053,0.6599,0.7878,0.8132,0.8606,0.8756,0.871,0.7494,0.734,0.6247,0.6044,0.459,0.4837,0.5887,0.6555,1.6022,1.6062,1.5754,1.6384,1.6133,1.5078,1.5187,1.4169,1.3831,1.1891,1.1788,1.3453,1.492,1.5438,1.6064,1.6042,1.5846,1.5687,1.6085,1.5614,1.4255,1.3921,1.2746,1.1606,1.2767,1.3582,1.5017,1.6007,1.5967,1.6237,1.6345,1.5864,1.5651,1.4752,1.4205,1.2623,1.1792,1.2136,1.3288,1.4881,1.5441,1.5838,1.6911,1.6537,1.6208,1.5749,1.5114,1.4129,1.3725,1.1832,1.2309,1.2599,1.404,1.5461,1.6283,1.5433,1.6207,1.5932,1.5578,1.5287,1.461,1.3721,1.2387,1.1539,1.2659,1.3789,1.451,1.5411,1.5804,1.7035,1.6524,1.6276,1.5243,1.511,1.4237,1.2664,1.2572,1.2163,1.3714,1.379,1.5641,1.6035,1.6336,1.6403,1.616,1.5555,1.5038,1.5599,1.334,1.3019,1.1768,1.2966,1.4742,1.4777,1.5367,1.6005,1.6699,1.6019,1.5714,1.5022,1.4446,1.3389,1.2982,1.1641,1.2695,1.3911,1.4668,1.539,1.5832,1.6539,1.6558,1.6423,1.5538,1.5003,1.4917,1.286
0.6426,0.4666,0.5741,0.7148,0.756,0.7686,0.8477,0.8791,0.8664,0.7975,0.8281,0.6636,0.5407,0.4855,0.4158,0.4838,0.628,0.7034,0.8048,0.8834,0.8486,0.8705,0.8369,0.7848,0.6572,0.6056,0.5108,0.4018,0.5221,0.6095,0.7703,0.7996,0.8803,0.8631,0.8684,0.7991,0.7482,0.735,0.6063,0.5128,0.4649,0.5012,0.5644,0.6407,0.7546,0.7924,0.8582,0.887,0.8989,0.844,0.7128,0.6275,0.577,0.4439,0.4588,0.5424,0.6314,0.7697,0.796,0.8466,0.8524,0.8283,0.8087,0.7804,0.7586,0.6269,0.4622,0.403,0.5259,0.6205,0.7278,0.7384,0.8387,0.8707,0.8654,0.8315,0.8245,0.7043,0.6166,0.5456,0.4234,0.4874,0.6253,0.672,0.8444,0.825,0.8845,0.9793,0.8501,0.777,0.7564,0.7159,0.6134,0.4493,0.4747,0.565,0.6926,0.7814,0.7576,0.8109,0.9388,0.836,0.8697,0.776,0.6589,0.5473,0.5045,0.4028,0.4927,0.6777,0.715,0.7536,0.8494,0.8791,0.9249,0.77,0.7966,0.7194,0.6708,0.5698,0.4302,0.4784,0.5751,0.6869,0.774,0.8245,0.8513,0.8765,0.8539,0.8303,0.7291,0.7124,0.5009,0.4487,0.4068,0.5273,0.6109,0.7498,0.7463,0.876,0.8694,0.8716,0.815,0.7769,0.6553,0.577,0.4939,0.3715,0.4549,0.5829,0.6322,0.7902,0.876,0.8418,0.831,0.8369,0.7657,0.6672,0.6664,0.5604,0.4284,0.4753,0.6243,0.7259,0.7263,0.8595,0.8852,0.8837,0.868,0.7986,0.7104,0.6775,0.5623,0.3857,0.4493,0.5113,0.6349,0.7383,0.8175,0.8837,0.8571,0.8822,0.8039,0.8008,0.6925,0.6185,0.4513,0.4161,0.5267,0.642,0.7306,0.7398,0.8668,0.8605,0.904,0.8425,0.7428,0.7329,0.6256,0.5783
0.5719,0.4564,0.5764,0.6935,0.747,0.8366,0.8915,0.9154,0.885,0.7811,0.7875,0.6109,0.5598,0.4477,0.463,0.5112,0.6721,0.7617,0.8516,0.8369,0.9091,0.8481,0.8141,0.7955,0.6903,0.5855,0.5196,0.3917,0.4757,0.6024,0.7465,0.8215,0.8767,0.8777,0.9051,0.7546,0.8307,0.7156,0.6867,0.5336,0.379,0.4425,0.5106,0.7197,0.7721,0.8452,0.8798,0.9061,0.8589,0.7803,0.7538,0.6416,0.576,0.5065,0.4534,0.4448,0.6567,0.786,0.8412,0.914,0.86,0.849,0.8826,0.7636,0.6978,0.6211,0.438,0.4478,0.4509,0.6181,0.6618,0.8006,0.8493,0.8372,0.8487,0.8309,0.7619,0.6812,0.6228,0.4745,0.4422,0.4632,0.5632,0.7143,0.7444,0.7695,0.8996,0.9117,0.8727,0.7987,0.6953,0.6388,0.5899,0.4155,0.4282,0.5597,0.6802,0.7276,0.8612,0.8702,0.8872,0.8091,0.876,0.7777,0.7209,0.615,0.4781,0.3897,0.499,0.6087,0.679,0.7401,0.8453,0.8918,0.8644,0.8307,0.8317,0.6963,0.6179,0.5049,0.4231,0.4451,0.5734,0.726,0.7131,0.8789,0.8425,-2.0438,-2.0996,-2.069,-2.1444,-2.2512,-2.2816,-2.4,-2.4552,-2.4119,-2.3312,-2.0982,-2.1117,-2.0614,-1.9527,-2.0759,-2.1016,-2.1061,-2.1722,-2.3059,-2.414,-2.4827,-2.4268,-2.2328,-2.1812,-2.1424,-2.0902,-1.9894,-2.018,-2.0564,-2.0849,-2.1795,-2.2505,-2.3648,-2.5041,-2.4424,-2.3167,-2.2213,-2.0949,-2.0512,-2.0064,-2.0025,-2.0639,-2.1048,-2.0882,-2.2135,-2.3427,-2.4105,-2.4409,-2.2847,-2.2773,-2.1246,-2.1278,-2.0549,-2.0171,-2.0408,-2.0797,-2.1156,-2.2694,-2.297,-2.3714,-2.4728,-2.4152,-2.2593,-2.1573,-2.0822,-2.0111,-2.0063,-2.0715,-2.0558,-2.1016,-2.1887,-2.28,-2.3907
0.6113,0.4749,0.5785,0.6987,0.7657,0.81,0.8555,0.8959,0.8304,0.8016,0.7218,0.6473,0.5686,0.4482,0.4137,0.5083,0.6935,0.7318,0.8055,0.8544,0.8884,0.8789,0.8097,0.7326,0.6533,0.5989,0.4451,0.4191,0.4234,0.5887,0.7093,0.7552,0.8424,0.8686,0.8429,0.8139,0.7444,0.7349,0.6239,0.5314,0.4034,0.448,0.5635,0.6706,0.7546,0.7601,0.8591,0.8735,0.9019,0.7594,0.6629,0.6923,0.5439,0.5053,0.4104,0.5564,0.6899,0.6772,0.9017,0.8786,0.9307,0.8513,0.8434,0.7574,0.6401,0.5895,0.4511,0.4278,0.4899,0.6048,0.7212,0.8151,0.8603,0.819,0.8787,0.8254,0.7584,0.7165,0.5916,0.5932,0.4855,0.5039,0.6001,0.7578,0.7738,0.8019,0.8734,0.8839,0.8343,0.8262,0.7338,0.6474,0.5638,0.4227,0.4964,0.5027,0.6337,0.7878,0.8046,0.845,0.8803,0.8726,0.8651,0.7294,0.7189,0.5878,0.5138,0.462,0.4671,0.6366,0.6844,0.8182,0.8543,0.8618,0.8655,0.7799,0.7542,-0.858,-0.8725,-1.0005,-1.1426,-1.089,-0.9403,-0.8423,-0.7527,-0.6776,-0.6759,-0.66,-0.6421,-0.6617,-0.7752,-0.8219,-0.9599,-1.0495,-1.1346,-0.9813,-0.886,-0.8155,-0.6624,-0.6941,-0.6392,-0.6357,-0.6753,-0.779,-0.852,-0.9318,-1.0219,-1.1813,-1.0017,-0.8755,-0.7879,-0.708,-0.6464,-0.6051,-0.6103,-0.7154,-0.7373,-0.7961,-0.9483,-1.0051,-1.069,-1.0185,-0.9541,-0.8335,-0.7775,-0.6857,-0.6525,-0.6748,-0.6621,-0.7272,-0.7863,-0.834,-0.9534,-1.1031,-1.1198,-1.0838,-0.8565,-0.7633,-0.6727,-0.6781,-0.6155,-0.6298,-0.7293,-0.7405,-0.8637,-0.8772,-1.0629,-1.156,-1.0417,-0.8578,-0.7893,-0.7462,-0.6817,-0.6516,-0.6742,-0.6513,-0.7596,-0.8227,-0.8757,-0.9923
0.6005,0.4863,0.5845,0.7269,0.7528,0.8918,0.8036,0.902,0.9047,0.7449,0.7694,0.6451,0.529,0.4355,0.4504,0.5538,0.6234,0.7141,0.8553,0.8908,0.9061,0.8421,0.7785,0.7663,0.6809,0.5871,0.4852,0.4079,0.4842,0.6182,0.6984,0.7652,0.8097,0.9109,0.9186,0.8601,0.7727,0.7257,0.5399,0.5676,0.4041,0.4711,0.5874,0.684,0.8334,0.8036,0.8545,0.8443,0.8498,0.8139,0.7533,0.6709,0.5846,0.5486,0.4547,0.5491,0.6586,0.743,0.7877,0.8121,0.9038,0.8616,0.8253,0.7862,0.697,0.5565,0.5185,0.4083,0.5465,0.6393,0.6625,0.7957,0.8377,0.9237,0.8574,0.8424,0.7809,0.7025,0.6699,0.5192,0.4058,0.4574,0.5125,0.6687,0.7088,0.8427,0.86,0.8598,0.848,0.8682,0.7581,0.6311,0.5886,0.4532,0.4212,0.6042,0.6314,0.7169,0.8132,0.8652,0.8782,0.8479,0.7651,0.7586,0.6668,0.5633,0.4162,0.4126,0.5503,0.6371,0.7478,0.795,0.8685,0.867,0.8475,0.8555,0.7961,0.692,0.6091,0.5552,0.4418,0.42,0.5441,0.7244,0.7912,0.7898,0.8528,0.9112,0.7846,0.7975,0.7469,0.6179,0.5698,0.4772,0.4438,0.5626,0.6362,1.7252,1.7819,1.7841,1.8478,1.8443,1.7987,1.7254,1.5948,1.5198,1.4107,1.334,1.4539,1.5756,1.5905,1.7517,1.7634,1.861,1.7892,1.8094,1.7897,1.5752,1.5766,1.4456,1.3033,1.4276,1.5012,1.6126,1.7177,1.8799,1.8227,1.8344,1.7831,1.7343,1.7213,1.6061,1.5248,1.395,1.3664,1.4661,1.5363,1.7089,1.729,1.7777,1.8033,1.7896,1.792,1.6799,1.6478,1.5587,1.4135,1.3774,1.4627,1.5181,1.5891,1.7458,1.7758,1.8231,1.787,1.7749,1.652,1.6367,1.5906,1.4446
0.5746,0.5076,0.603,0.7029,0.8104,0.8158,0.8714,0.8389,0.8762,0.7948,0.7539,0.6492,0.5153,0.466,0.4339,0.6049,0.6561,0.7402,0.7649,0.8272,0.8791,0.8522,0.8357,0.7861,0.6725,0.6052,0.5739,0.3651,0.4829,0.6461,0.641,0.7548,0.8445,0.887,0.8475,0.8267,0.7923,0.7281,0.649,0.5131,0.3865,0.4384,0.5864,0.6682,0.7354,0.8346,0.8726,0.9515,0.856,0.8461,0.6928,0.6375,0.5365,0.4292,0.4044,0.525,0.6689,0.7514,0.742,0.8516,0.8829,0.8781,0.83,0.7608,0.659,0.6448,0.4985,0.3638,0.4839,0.6042,0.7055,0.7822,0.923,0.8488,0.8896,0.882,0.8071,0.7158,0.632,0.4666,0.4465,0.4658,0.5754,0.7077,0.7826,0.8138,0.8455,0.838,0.8641,0.8017,0.7626,0.6429,0.5627,0.4747,0.4336,0.5225,0.6246,3.6096,3.6427,3.6648,3.7248,3.7262,3.6849,3.6153,3.5455,3.4299,3.3081,3.2421,3.3306,3.4805,3.5837,3.6112,3.6651,3.796,3.713,3.683,3.6691,3.627,3.4608,3.3551,3.2224,3.2794,3.4255,3.543,3.6431,3.6089,3.6671,3.6845,3.65,3.6135,3.5577,3.4958,3.4043,3.2755,3.2074,3.4029,3.4757,3.5771,3.67,3.6866,3.7432,3.7175,3.6271,3.5779,3.4985,3.4586,3.322,3.2597,3.3004,3.4752,3.5974,3.6039,3.6752,3.716,3.7003,3.6288,3.6492,3.5523,3.5031,3.3367,3.2977,3.3031,3.4537,3.6076,3.6008,3.6875,3.7797,3.7422,3.6656,3.6313,3.601,3.536,3.3713,3.3034,3.2686,3.3962,3.4392,3.5557,3.6655,3.7229,3.7163,3.7248,3.6624,3.6129,3.4602,3.4231,3.2809,3.2485,3.3331,3.4638,3.5239,3.6215,3.6744,3.7149,3.7946,3.6904,3.6397,3.523,3.4421,3.358
0.6279,0.4413,0.5609,0.6688,0.7923,0.8379,0.8577,0.9009,0.8455,0.7919,0.7134,0.6542,0.5349,0.4914,0.4135,0.5196,0.7269,0.7488,0.8651,0.8446,0.9197,0.8736,0.8124,0.7455,0.7113,0.5922,0.4816,0.3716,0.5113,0.652,0.7274,0.807,0.8392,0.8974,0.826,0.8305,0.7984,0.6724,0.6141,0.502,0.4075,0.5166,0.5728,0.6182,0.7639,0.7909,0.8508,0.8659,0.8211,0.8381,0.8038,0.6472,0.5342,0.4274,3.0629,3.149,3.2916,3.3458,3.4415,3.5113,3.5412,3.5397,3.4184,3.3555,3.3209,3.2379,3.1025,3.0343,3.123,3.2234,3.3671,3.4203,3.5091,3.541,3.4333,3.4184,3.4088,3.328,3.2683,3.1535,3.0509,3.1045,3.2187,3.3254,3.4253,3.4814,3.5192,3.5469,3.491,3.405,3.3984,3.3192,3.1411,3.0779,3.0648,3.126,3.2348,3.3722,3.38,3.5328,3.537,3.4678,3.4743,3.4173,3.3161,3.2079,3.1767,2.9802,3.1068,3.1764,3.4079,3.4007,3.4895,3.5381,3.484,3.4761,3.4777,3.3295,3.2788,3.1351,3.1,3.0451,3.2087,3.3757,3.4295,3.4471,3.4971,3.5282,3.4775,3.4666,3.358,3.2366,3.1986,3.0097,3.0692,3.192,3.2663,3.345,3.4,3.4508,3.5123,3.5467,3.5095,3.4162,3.3139,3.2478,3.0591,3.0293,3.0962,3.2355,3.326,3.4038,3.4758,3.5327,3.4969,3.4739,3.4364,3.3533,3.2661,3.1684,3.043,3.1192,3.2108,3.3235,3.4078,3.4478,3.477,3.5065,3.4641,3.4321,3.3655,3.2802,3.2055,3.1178,3.0634,3.1805,3.2833,3.3855,3.4347,3.4658,3.5117,3.5067,3.4323,3.4164,3.3403,3.2142,3.1764,3.0602,3.155,3.2219,3.3365,3.4073,3.4008,3.4886,3.54,3.4171,3.364,3.3235,3.2642,3.1696
0.5458,0.4758,0.6191,0.6929,0.6997,0.8559,0.8667,0.8538,0.8986,0.8595,0.7456,0.6521,0.5551,0.4596,0.4266,0.5163,0.6526,0.7456,0.8489,0.8915,0.9236,0.8395,0.8135,0.7623,0.704,0.5529,0.4982,0.3728,0.5005,0.5822,0.7488,0.8657,0.8289,0.8911,0.8341,0.7893,0.8282,0.7616,0.6404,0.5052,0.4348,0.4451,0.6402,0.6784,0.8196,0.8501,0.8883,0.8506,0.9056,0.8418,0.7109,0.7191,0.5734,0.4682,0.4344,0.4938,0.6869,0.7524,0.81,0.8865,0.9385,0.8573,0.8405,0.7575,0.6659,0.5756,0.5003,0.3954,0.4738,0.6108,0.681,0.7791,0.8052,0.8894,0.8326,0.7986,0.7603,0.7305,0.5986,0.551,0.4378,0.4902,0.6241,0.646,0.7962,0.8424,0.9045,0.9089,0.8151,0.8062,0.7437,0.695,0.5723,0.4987,0.394,0.5495,0.656,0.7664,0.8496,0.8052,0.8669,0.8739,0.851,0.7513,0.6581,0.6148,0.5152,0.3987,0.5324,0.6047,0.7305,0.8539,0.8489,0.8724,0.8764,0.8291,0.7811,0.7243,0.5889,0.4611,0.4014,0.4769,0.5558,0.6389,0.7724,0.9123,0.858,0.8768,0.8612,0.7694,0.6926,0.6699,0.5666,0.5508,0.407,0.5537,0.6662,0.7693,0.8375,0.8761,0.8763,0.862,0.7805,0.7762,0.6654,0.6527,0.505,0.4081,0.5446,0.6198,0.7444,0.7359,0.8435,0.8431,0.8901,0.8367,0.838,0.6394,0.6684,0.491,0.4163,0.4769,0.5692,0.731,0.7503,0.8206,0.8232,0.9208,0.8449,0.9025,0.7381,0.6602,0.542,0.5119,0.4273,0.5529,0.6852,0.7399,0.7817,0.8612,0.8936,0.8782,0.8461,0.6651,0.6847,0.5873,0.4845,0.425,0.5567,0.621,0.763,0.7869,0.8484,0.885,0.8761,0.8457,0.8232,0.7127,0.5899,0.5494
0.6264,0.4897,0.5889,0.6756,0.7301,0.8818,0.8403,0.8688,0.8771,0.7431,0.7291,0.6096,0.5488,0.427,0.4142,0.5716,0.6173,0.6948,0.8301,0.8646,0.8949,0.7953,0.8457,0.7804,0.6964,0.5455,0.4545,0.4067,0.501,0.6998,0.6932,0.7831,0.8335,0.8935,0.8938,0.8838,0.7966,0.7515,0.6169,0.4741,0.3609,0.4934,0.6171,0.7933,0.7972,0.821,0.841,0.8855,0.807,0.8175,0.8106,0.6686,0.606,0.4751,0.382,0.5417,0.6433,0.7492,0.7521,0.8859,0.868,0.8895,0.7933,0.7578,0.6981,0.6087,0.5038,0.4017,0.5467,0.6205,0.6897,0.843,0.789,0.8597,0.8483,0.7918,0.7459,0.6916,0.6608,0.4899,0.392,0.479,0.6002,0.6886,0.7848,0.8204,0.8129,0.8904,0.838,0.8203,0.7222,0.6709,0.5252,0.3819,0.4534,0.5422,0.6539,0.698,0.7941,0.816,0.8681,0.8749,0.7948,0.7339,0.6777,0.5549,0.4499,0.4374,0.4892,0.6185,0.6611,0.8173,0.8518,0.9267,0.9084,0.8017,0.8221,0.7483,0.5942,0.5499,0.4044,0.4963,0.5894,0.6885,0.7978,0.8769,0.8075,0.8951,0.8005,0.8025,0.7143,0.6997,0.5672,0.4436,0.3975,0.5274,0.6305,0.7022,0.7982,0.8376,0.8591,0.8598,0.8213,0.8138,0.6853,0.6353,0.4317,0.4173,0.4927,0.6212,0.6772,0.8555,0.9022,0.819,0.8544,0.8577,0.8146,0.7362,0.6785,0.5087,0.3779,0.3931,0.5327,0.6794,0.7607,0.8097,0.8447,0.8732,0.891,0.8388,0.7485,0.6876,0.556,0.5261,0.4718,0.5443,0.687,0.7566,0.7607,0.8427,0.8796,0.8451,0.8337,0.7849,0.7094,0.6339,0.4853,0.3779,0.5029,0.6165,0.7485,0.8108,0.7946,0.8875,0.8978,0.8504,0.8171,0.7264,0.6575,0.4662
0.6054,0.4356,0.6167,0.6868,0.7424,0.862,0.9006,0.8686,0.8764,0.7962,0.7339,0.6345,0.5721,0.4883,0.3926,0.469,0.6472,0.7553,0.8126,0.8627,0.8631,0.8742,0.7878,0.7515,0.6819,0.5524,0.5093,0.4124,0.4889,0.6381,0.7633,0.8214,0.7968,0.8201,0.8807,0.8422,0.7386,0.7097,0.6358,0.5317,0.3752,0.4272,0.5311,0.6679,0.7662,0.8116,0.8924,0.8722,0.8494,0.8481,0.7389,0.6675,0.6098,0.408,0.4902,0.5194,0.6517,0.7461,0.8011,0.8319,0.8886,0.8705,0.8201,0.7645,0.6934,0.6192,0.5172,0.395,0.4909,0.5814,0.8284,0.7323,0.8576,0.849,0.8742,0.8525,0.7792,0.7162,0.6094,0.5468,0.4185,0.4715,0.531,0.7247,0.752,0.7896,0.8402,3.6073,3.6124,3.5326,3.4831,3.45,3.3212,3.1702,3.1262,3.3038,3.3616,3.4901,3.6111,3.6217,3.599,3.5951,3.575,3.5778,3.417,3.3963,3.2367,3.1969,3.2015,3.325,3.3959,3.5156,3.593,3.5922,3.5989,3.579,3.473,3.4857,3.38,3.2513,3.0884,3.2262,3.3044,3.4082,3.516,3.5861,3.6033,3.6193,3.6312,3.5498,3.5173,3.3805,3.3014,3.1581,3.1624,3.2874,3.3909,3.4557,3.5665,3.6031,3.6168,3.6057,3.5344,3.5147,3.4158,3.3462,3.2882,3.2393,3.2583,3.3968,3.4605,3.5464,3.5619,3.668,3.5995,3.6069,3.5291,3.4657,3.4173,3.2517,3.1394,3.1489,3.2846,3.4362,3.5357,3.5763,3.5948,3.653,3.6174,3.5622,3.4938,3.3866,3.2833,3.1897,3.1732,3.3052,3.4364,3.4557,3.5802,3.5685,3.6322,3.6072,3.5662,3.4758,3.452,3.3288,3.2415,3.1506,3.2068,3.3875,3.4855,3.547,3.6059,3.6471,3.5594,3.5785,3.5439,3.5013,3.4076,3.2737
0.6135,0.4421,0.5751,0.6555,0.8151,0.8273,0.8729,0.9217,0.8555,0.8169,0.7906,0.5902,0.6334,0.4428,0.4242,0.5654,0.6356,0.7155,0.7847,0.8377,0.8932,0.8686,0.8215,0.7139,0.692,0.5815,0.4901,0.4407,0.5243,0.5531,0.6965,0.7511,0.8657,0.8627,0.8832,0.8313,0.8164,0.7626,0.6041,0.5239,0.3921,0.388,0.6095,0.6236,0.7436,0.7885,0.9277,0.86,0.848,0.7812,0.6885,0.6461,0.5942,0.4191,0.3859,0.5356,0.6708,0.7716,0.7955,0.8489,0.8736,0.8258,0.8442,0.8013,0.7247,0.6287,0.5394,0.3976,0.5078,0.5989,0.6952,0.8276,0.8297,0.8841,0.805,0.8178,0.7629,0.7348,0.6607,0.5483,0.3501,0.5073,0.5026,0.6494,0.7836,0.889,0.8679,0.8978,0.8963,0.769,0.7821,0.6905,0.5407,0.4432,0.4251,0.5168,0.6506,0.7648,0.8591,0.9111,0.9382,0.8824,0.8038,0.7755,0.6772,0.6625,0.5527,0.4568,0.4868,0.677,0.6936,0.7744,0.7948,0.9007,0.8384,0.7723,0.7668,0.7026,0.6488,0.5179,0.4539,0.4402,0.5958,0.6673,0.7869,0.856,0.8545,0.8801,0.8849,0.7398,0.7494,0.7271,0.5387,0.4161,0.4105,0.5239,0.6731,0.7565,0.789,0.834,0.8461,0.8531,0.791,0.7286,0.6849,0.5767,0.5018,0.4405,0.4427,0.6282,0.6763,0.8264,0.7938,0.8814,0.8771,0.8352,0.7793,0.6822,0.6529,0.5355,0.4148,0.4892,0.5923,0.6647,0.7656,0.8264,0.9076,0.9242,0.9004,0.8217,0.756,0.6607,0.4922,0.4676,0.4664,0.4948,0.6391,0.7579,0.8005,0.8548,0.8698,0.8157,0.8085,0.7378,0.6749,0.6376,0.5042,0.4152,0.4568,0.5878,0.7087,0.7832,0.8488,0.8868,0.8938,0.818,0.8314,0.7438,0.6135,0.493
0.601,0.5123,0.6052,0.6326,0.7686,0.8224,0.8635,0.9095,0.8813,0.8576,0.7262,0.698,0.5229,0.452,0.3448,0.5397,0.671,0.8074,0.8288,0.8337,0.9681,0.8717,0.8301,0.8036,0.714,0.5676,0.5429,0.3998,0.462,0.6164,0.7732,0.7863,0.8588,0.9191,0.8746,0.8451,0.7687,0.7104,0.611,0.5291,0.4438,0.529,0.6127,0.7378,0.7837,0.8041,0.8194,0.8835,0.849,0.8034,0.7453,0.6872,0.5367,0.4617,0.4357,0.5251,0.6764,0.7002,0.8733,0.8941,0.8947,0.8895,0.8223,0.7809,0.7003,0.6002,0.4923,0.4289,0.4713,0.646,0.7354,0.7455,0.8215,0.8804,0.8799,0.8766,0.7825,0.7782,0.6377,0.5256,0.4169,0.4748,0.5166,0.7164,0.7761,0.818,0.8246,0.9168,0.7911,0.8407,0.7868,0.6311,0.549,0.4273,0.3941,0.4644,0.6784,0.7652,0.7464,0.8939,0.9526,0.9062,0.8232,0.7274,0.6198,0.6004,0.5047,0.432,0.4711,0.6086,0.6825,0.7889,0.8299,0.8345,0.8605,0.8598,0.8392,0.7246,0.5994,0.545,0.4351,0.5459,0.624,0.7473,0.781,0.8606,0.8814,0.8692,0.8239,0.8501,0.6882,0.6894,0.5656,0.4867,0.4514,0.5605,0.6599,0.7341,0.8214,0.8112,0.8664,0.8229,0.8306,0.7511,0.697,0.5658,0.5618,0.3645,0.5142,0.6012,0.7406,0.7813,0.8287,0.8742,0.8726,0.8361,0.776,0.7201,0.6334,0.5421,0.4059,0.5071,0.5482,0.6717,0.8064,0.8078,0.8719,0.9192,0.8129,0.7884,0.7635,0.6957,0.5528,0.4493,0.4435,0.5334,0.6644,0.7402,0.7871,0.8541,0.893,0.8612,0.8275,0.7659,0.6875,0.6245,0.4632,0.4072,0.566,0.6133,0.7523,0.8347,0.8778,0.8942,0.873,0.8935,0.7229,0.7101,0.6421,0.494
0.5326,0.4701,0.5452,0.6835,0.7996,0.8155,0.8217,0.8873,0.8696,0.8253,0.7815,0.6353,0.5698,0.4499,0.481,0.5388,0.5801,0.8023,0.8047,0.8783,0.9353,0.8585,0.8664,0.7785,0.6632,0.6603,0.4918,0.4268,0.5102,0.6494,0.7279,0.7355,0.9091,0.893,0.8398,0.7871,0.793,0.6945,0.675,0.5518,0.3959,0.413,0.5794,0.6357,0.8025,0.8021,0.8014,0.8351,0.7892,0.8222,0.7487,0.652,0.5763,0.5032,0.4085,0.5191,0.6082,0.7062,0.7976,0.8165,0.8757,0.8296,0.8425,0.8787,2.5509,2.4044,2.2985,2.2138,2.3705,2.3818,2.4972,2.5952,2.6623,2.7293,2.6801,2.692,2.6568,2.4907,2.4417,2.356,2.2601,2.1708,2.3791,2.5144,2.6049,2.6307,2.6957,2.7288,2.6908,2.6263,2.5791,2.4792,2.424,2.2623,2.2346,2.4003,2.4601,2.5785,2.677,2.682,2.6807,2.6433,2.6425,2.5911,2.5804,2.4179,2.2895,2.2161,2.3207,2.4344,2.5924,2.5698,2.633,2.7014,2.6712,2.5922,2.6291,2.5067,2.4188,2.342,2.234,2.2669,2.393,2.5104,2.5796,2.61,2.7008,2.6689,2.6373,2.6302,2.5941,2.433,2.3275,2.2986,2.241,2.3212,2.4602,2.5419,2.6667,2.6518,2.7495,2.7137,2.6379,2.6204,2.4836,2.4449,2.3375,2.2146,2.37,2.4314,2.5191,2.5962,2.5728,2.735,2.684,2.6292,2.6379,2.5141,2.4455,2.3168,2.2151,2.3313,2.4142,2.4775,2.63,2.6372,2.6847,2.6842,2.7271,2.6161,2.5197,2.5235,2.4067,2.2552,2.2853,2.3976,2.4273,2.5558,2.6751,2.6749,2.6759,2.7069,2.5735,2.6115,2.4804,2.3961,2.2919,2.2416,2.3229,2.5037,2.5088,2.6549,2.6235,2.6507,2.6727,2.653,2.6798,2.5408,2.4434,2.3241
0.5625,0.4694,0.5826,0.6741,0.7739,0.8761,0.8547,0.8675,0.7973,0.798,0.7457,0.6834,0.5791,0.4642,0.4083,0.5482,0.614,0.7895,0.8005,0.8188,0.8903,0.877,0.7801,0.7692,0.6969,0.6666,0.4512,0.4158,0.447,0.6467,0.7286,0.7881,0.877,0.8739,0.8327,0.7588,0.8342,0.6921,0.6665,0.4834,0.4177,0.4553,0.5752,0.656,0.7849,0.7916,0.869,0.8505,0.8831,0.8182,0.7197,0.7056,0.5886,0.4568,0.4096,0.5299,0.7456,0.7588,0.8099,0.8562,0.8902,0.9008,0.8599,0.7484,0.687,0.5748,0.4955,0.3441,0.5365,0.6424,0.6564,0.7225,0.8526,0.8425,0.831,0.8311,0.7775,0.7314,0.6068,0.5345,0.4448,0.4734,0.6385,0.7064,0.7868,0.8411,0.8686,0.9098,0.8356,0.7974,0.7249,0.6944,0.6025,0.4293,0.3934,0.5184,0.6875,0.7683,0.7716,0.8956,0.9256,0.8681,0.782,0.7051,0.642,0.5309,0.525,0.4371,0.5273,0.5917,0.6587,0.7916,0.8257,0.8983,0.8558,0.7968,0.7611,0.7756,0.6259,0.5385,0.4033,0.4638,0.6468,0.7341,0.7108,0.8087,0.9482,0.9032,0.7722,0.8171,0.7738,0.6564,0.5617,0.4644,0.3901,0.4857,0.6688,0.7029,0.7953,0.814,0.8778,0.877,0.8442,0.8136,0.7039,0.5753,0.4582,0.3963,0.4904,0.6717,0.7124,0.7611,0.8295,0.8476,0.9121,0.8436,0.81,0.7358,0.6395,0.5263,0.4301,0.4694,0.5303,0.6848,0.7636,0.7912,0.9111,0.8764,0.8663,0.7943,0.7595,0.6922,0.5437,0.4368,0.405,0.5976,0.6177,0.687,0.7615,0.8355,0.8341,0.8631,0.8098,0.7387,0.7376,0.5633,0.5446,0.3794,0.5395,0.585,0.7841,0.7602,0.7921,0.9336,0.8579,0.8671,0.7889,0.6775,0.6277,0.4901
0.5834,0.429,0.6,0.6832,0.8027,0.8481,0.8069,0.8954,0.9338,0.7672,0.7492,0.6472,0.6495,0.4855,0.3915,0.5351,0.6227,0.8379,0.8244,0.88,0.8905,0.839,0.8327,0.7698,0.5731,0.5739,0.4744,0.3681,0.455,0.588,0.6885,0.7698,0.8324,0.8834,0.9374,0.8539,0.7677,0.7097,0.6639,0.5452,0.4473,0.4072,0.5803,0.7222,0.7851,0.8069,0.7718,0.868,0.8198,0.7991,0.7021,0.6888,0.5829,0.4567,0.4275,0.5547,0.7481,0.7253,0.7499,0.8681,0.8506,0.8183,0.8122,0.7865,0.7026,0.5969,0.4479,0.3798,0.5644,0.6338,0.7827,0.8306,0.8692,0.9167,0.8789,0.8449,0.7623,0.6912,0.6082,0.5621,0.4369,0.445,0.6118,0.6827,0.8157,0.8519,0.8693,0.8493,0.8003,0.7725,0.7269,0.714,0.5493,0.4625,0.4137,0.5185,0.6516,0.7133,0.7834,0.8532,0.8824,0.9075,0.8647,0.7977,0.6937,0.6085,0.4618,0.4171,0.5312,0.5855,0.7401,0.7642,0.8716,0.8286,0.8701,0.8923,0.7684,0.7402,0.6075,0.5376,0.4268,0.4903,0.5647,0.6827,0.8103,0.8654,0.885,4.4911,4.3937,4.3743,4.3736,4.2023,4.1579,4.0122,3.9623,4.1249,4.2331,4.2992,4.3961,4.467,4.4851,4.5028,4.3842,4.3118,4.2748,4.2031,4.0538,4.0317,4.1212,4.2996,4.2301,4.3871,4.4412,4.4186,4.4876,4.4262,4.3604,4.3124,4.2095,4.1846,3.9778,4.0462,4.1724,4.2891,4.3349,4.4276,4.4579,4.4465,4.4012,4.3599,4.359,4.2232,4.1949,4.0576,3.9487,4.1721,4.2565,4.364,4.4332,4.4584,4.5034,4.4427,4.4028,4.3317,4.3053,4.1331,4.1015,4.007,4.0959,4.1697,4.2761,4.3516,4.4703,4.4197,4.4775,4.3739,4.384,4.2587,4.2141,4.0864
0.6383,0.4377,0.6044,0.7157,0.7569,0.795,0.8552,0.809,0.8335,0.826,0.7624,0.6499,0.5954,0.4264,0.4237,0.5401,0.6768,0.76,0.8084,0.8776,0.8978,0.8339,0.8281,0.7627,0.6635,0.5991,0.5046,0.3812,0.5037,0.6306,0.734,0.7592,0.897,0.9202,0.911,0.8337,0.8042,0.6898,0.6349,0.5624,0.4437,0.4331,0.6196,0.6415,0.7542,0.7971,0.9197,0.9553,0.8413,0.7871,0.7472,0.7049,0.5478,0.4725,0.4291,0.544,0.6336,0.7227,0.8239,0.8552,0.8899,0.8867,0.7928,0.7194,0.6543,0.5649,0.4923,2.9949,3.1656,3.2156,3.3394,3.3942,3.4404,3.491,3.5241,3.4814,3.4718,3.3455,3.2621,3.1351,3.0179,3.0772,3.2057,3.2958,3.4076,3.4084,3.4754,3.4985,3.5064,3.346,3.3443,3.2596,3.1964,3.1096,3.0567,3.1533,3.2525,3.3752,3.4011,3.4964,3.5533,3.4536,3.4385,3.3447,3.3504,3.2446,3.1581,3.0095,3.1144,3.1939,3.3282,3.4402,3.4411,3.4297,3.4988,3.4066,3.4206,3.2466,3.2217,3.144,3.0318,3.0867,3.1932,3.3003,3.4582,3.4545,3.5038,3.4717,3.4569,3.4116,3.3519,3.3099,3.1685,3.0379,3.0464,3.1657,3.2939,3.4025,3.5087,3.5175,3.5076,3.5179,3.4566,3.3971,3.2825,3.1695,3.0884,3.0139,3.1082,3.272,3.3189,3.413,3.4246,3.5195,3.469,3.4342,3.4508,3.3311,3.3029,3.0941,3.0159,3.1259,3.1886,3.3038,3.3699,3.4511,3.4672,3.4606,3.4563,3.4043,3.3285,3.2946,3.2017,3.0335,3.0468,3.1738,3.2836,3.3481,3.4425,3.446,3.4974,3.5244,3.4,3.3911,3.3355,3.2602,3.0468,3.0357,3.1577,3.2398,3.3633,3.4321,3.4363,3.5165,3.462,3.4436,3.3788,3.3485,3.2576,3.1183
0.5908,0.4483,0.6073,0.7134,0.7551,0.7954,0.8311,0.8983,0.8193,0.8604,0.7595,0.6668,0.5847,0.4596,0.4818,0.5864,0.6472,0.7265,0.8213,0.8305,0.8843,0.8712,0.812,0.7417,0.6975,0.6275,0.4793,0.3929,0.5297,0.6247,0.6983,0.8056,0.8163,0.9425,0.85,0.867,0.7914,0.7173,0.6102,0.5623,0.4125,0.438,0.5994,0.7056,0.7553,0.7919,0.9012,0.8928,0.8465,0.8365,0.7776,0.6693,0.5807,0.5097,0.4205,0.5128,0.6628,0.6601,0.7818,0.8704,0.8434,0.8877,0.7798,0.7535,0.7268,0.5846,0.4774,0.405,0.4532,0.6261,0.7119,0.7839,0.8101,0.8828,0.9251,0.8199,0.7676,0.7655,0.6277,0.4873,0.4411,0.4466,0.5312,0.6363,0.7862,0.8384,0.9289,0.9033,0.878,0.751,0.7783,0.6388,0.5834,0.4554,0.4087,0.5744,0.6265,0.7067,0.801,0.8828,0.9345,0.8851,0.7671,0.735,0.7143,0.5857,0.4623,0.3719,0.5416,0.5802,0.7425,0.8197,0.8174,0.9224,0.8809,0.8076,0.7527,0.7162,0.6412,0.5748,0.4075,0.5154,0.5847,0.7033,0.7364,0.8358,0.8818,0.9108,0.8305,0.809,0.7157,0.6554,0.5627,0.4753,0.417,0.5374,0.6557,0.7433,0.8351,0.8628,0.9039,0.8402,0.7526,0.7366,0.6486,0.6067,0.5194,0.3967,0.5304,0.6283,0.6561,0.7808,0.8304,0.8838,0.897,0.7605,0.7677,0.731,0.6776,0.5617,0.4236,0.4251,0.5536,0.6617,0.7157,0.8383,0.8357,0.87,0.9174,0.853,0.7238,0.6824,0.597,0.4958,0.4477,0.5149,0.6975,0.7689,0.8453,0.854,0.9032,0.8819,0.7828,0.7759,0.732,0.6308,0.4854,0.3933,0.4842,0.5857,0.7153,0.8644,0.8222,0.8215,0.8328,0.8368,0.7882,0.6474,0.6689,0.5244
0.6402,0.4576,0.5789,0.6635,0.8297,0.8394,0.8938,0.9265,0.8293,0.8868,0.7694,0.6699,0.5142,0.4393,0.3709,0.5379,0.6574,0.7478,0.7716,0.7883,0.8728,0.9189,0.8775,0.7635,0.6406,0.5809,0.5639,0.4015,0.4644,0.5697,0.7064,0.8412,0.8198,0.8695,0.8583,0.8209,0.8518,0.7204,0.6381,0.5467,0.4455,0.4897,0.6233,0.7109,0.7773,0.8196,0.8865,0.8682,0.817,0.8246,0.7315,0.6147,0.5721,0.4713,0.4098,0.5462,0.6732,0.8306,0.7945,0.8656,0.9291,0.8803,0.7857,0.7206,0.7489,0.5531,0.5479,0.4349,0.5222,0.6399,0.6877,4.1103,4.2091,4.2114,4.2551,4.2096,4.1224,4.0452,4.0014,3.9042,3.772,3.8586,3.9414,4.0669,4.0895,4.2186,4.2677,4.2946,4.2033,4.1796,4.084,3.9935,3.8767,3.8263,3.7831,3.9039,4.0119,4.0916,4.213,4.2305,4.2446,4.2393,4.1761,4.1091,4.0407,3.9053,3.8767,3.722,3.9113,3.9374,4.0861,4.1623,4.215,4.2327,4.2447,4.1487,4.1344,4.0623,3.998,3.8484,3.7096,3.8067,3.9084,4.0285,4.1217,4.2279,4.2173,4.2618,4.1936,4.2112,4.0681,4.0558,3.95,3.8506,3.8078,3.867,3.9722,4.0763,4.21,4.282,4.2625,4.195,4.169,4.1301,4.012,3.9425,3.8304,3.7665,3.8694,3.9966,4.023,4.2044,4.2015,4.2882,4.3065,4.1788,4.1837,4.086,4.0395,3.8694,3.7909,3.9004,3.9642,4.0053,4.1811,4.1912,4.2781,4.2272,4.2617,4.1549,4.0833,4.0352,3.9634,3.8113,3.7722,3.9158,3.9915,4.0635,4.1536,4.1835,4.2538,4.2041,4.1836,4.1213,4.0253,3.9178,3.8307,3.7481,3.9004,3.9262,4.0126,4.145,4.2235,4.218,4.1786,4.127,4.1884,4.075,4.0065,3.8752
0.613,0.4792,0.5793,0.7119,0.7472,0.8528,0.9136,0.9538,0.887,0.7407,0.7846,0.6334,0.5751,0.4528,0.4351,0.5858,0.6682,0.7391,0.8852,0.8684,0.9463,0.8784,0.7989,0.7776,0.6341,0.5614,0.4851,0.3595,0.4951,0.6182,0.7108,0.8142,0.7599,0.9262,0.8508,0.8681,0.7923,0.6595,0.6678,0.5609,0.4168,0.4868,0.5658,0.745,0.7547,0.8228,0.8022,0.9186,0.8541,0.791,0.7969,0.6044,0.5775,0.4372,0.4046,0.5478,0.648,0.706,0.8155,0.8966,0.8679,0.8774,0.8456,0.8164,3.3355,3.2782,3.1068,3.0815,3.1893,3.2275,3.2976,3.461,3.4807,3.5705,3.5046,3.5042,3.452,3.3405,3.2617,3.216,3.1236,3.109,3.2232,3.3553,3.4353,3.5134,3.5546,3.5598,3.5121,3.4478,3.4384,3.3263,3.1691,3.1171,3.0692,3.154,3.3092,3.3959,3.4122,3.4988,3.5262,3.4935,3.4651,3.3763,3.3995,3.269,3.1267,3.113,3.1226,3.2444,3.373,3.4311,3.456,3.5392,3.4974,3.4782,3.4685,3.4143,3.3076,3.2488,3.084,3.0636,3.2779,3.3154,3.4316,3.4638,3.5136,3.551,3.4931,3.4576,3.3879,3.2872,3.2159,3.1445,3.0572,3.1997,3.3242,3.426,3.4396,3.516,3.5077,3.5499,3.5435,3.4387,3.3585,3.2595,3.1551,3.0651,3.1478,3.2332,3.3735,3.4632,3.5156,3.5296,3.5534,3.4811,3.4759,3.4015,3.2663,3.2086,3.0663,3.0669,3.2191,3.3155,3.4448,3.4977,3.5431,3.5788,3.5189,3.4912,3.3864,3.2871,3.2043,3.1247,3.1028,3.1874,3.2914,3.4189,3.4806,3.4864,3.566,3.4892,3.5068,3.4338,3.3146,3.2649,3.1751,3.0848,3.1671,3.2666,3.3838,3.4302,3.5036,3.4843,3.5172,3.496,3.4484,3.3734,3.2572,3.2039
0.5561,0.4405,0.6275,0.6879,4.5802,4.5913,4.6197,4.5989,4.6263,4.4952,4.4845,4.4377,4.3465,4.2092,4.229,4.3579,4.3767,4.506,4.5256,4.6045,4.625,4.604,4.5589,4.5193,4.4491,4.3354,4.2662,4.1416,4.2896,4.3816,4.5006,4.6042,4.5886,4.6885,4.6691,4.5934,4.5806,4.482,4.3903,4.3126,4.1819,4.1695,4.3433,4.4265,4.5765,4.613,4.6434,4.6735,4.6015,4.5418,4.5236,4.4327,4.3454,4.276,4.1989,4.3161,4.433,4.445,4.573,4.6563,4.7256,4.6785,4.609,4.5941,4.42,4.3442,4.2859,4.2168,4.2038,4.3591,4.4646,4.5505,4.6026,4.6559,4.6667,4.538,4.5959,4.5028,4.4776,4.2778,4.202,4.2456,4.3901,4.4458,4.52,4.6204,4.5953,4.6966,4.6213,4.6052,4.5211,4.4177,4.3185,4.2319,4.2391,4.3556,4.4266,4.5312,4.5277,4.6438,4.6751,4.622,4.529,4.5776,4.4114,4.3895,4.282,4.1473,4.2808,4.346,4.423,4.5272,4.6156,4.6265,4.64,4.6003,4.5213,4.4728,4.4617,4.2754,4.1822,4.2529,4.2914,4.4365,4.5641,4.6168,4.6623,4.5911,4.5845,4.5833,4.4741,4.4045,4.3408,4.2844,4.2266,4.2984,4.3844,4.4286,4.5496,4.6173,4.6173,4.675,4.5839,4.5555,4.4441,4.363,4.2422,4.1703,4.2434,4.4201,4.5079,4.5056,4.6404,4.6539,4.6808,4.6112,4.5837,4.4994,4.4481,4.3268,4.1742,4.2499,4.2646,4.4374,4.5039,4.6048,4.6153,4.6801,4.6335,4.5515,4.4568,4.4506,4.343,4.2185,4.2331,4.3029,4.4061,4.4715,4.5732,4.6437,4.6667,4.7283,4.6105,4.5189,4.479,4.3877,4.2052,4.1492,4.269,4.3879,4.4678,4.6031,4.6369,4.6043,4.6296,4.6098,4.5815,4.5456,4.4511,4.2879
0.5555,0.4434,0.6085,0.633,0.7751,0.8027,0.8586,0.912,0.8723,0.7864,0.6801,0.6352,0.5536,0.4749,0.4379,0.5445,0.6629,0.7679,0.7835,0.8337,0.8772,0.8544,0.8576,0.7334,0.6978,0.6299,0.491,0.3726,0.4723,0.623,0.7258,0.7665,0.8381,0.863,0.9053,0.9139,0.8614,0.7268,0.5674,0.5373,0.4292,0.4328,0.578,0.743,0.7951,0.8213,0.8906,0.9312,0.798,0.8006,0.7658,0.6747,0.5667,0.4701,0.4376,0.5501,0.6504,0.7255,0.8502,0.8461,0.8472,0.8718,0.8789,0.7234,0.6881,0.587,0.4944,0.38,0.4675,0.6029,0.7276,0.7748,0.8096,0.874,0.8986,0.8409,0.8227,0.6955,0.5783,0.5429,0.4086,0.5296,0.5969,0.6655,0.7632,0.8262,0.9233,0.8983,0.7823,0.8464,0.7312,0.6872,0.5232,0.4445,0.4165,0.5594,0.5981,0.7423,0.8189,0.8544,0.9002,2.5681,2.571,2.4021,2.4065,2.3109,2.1731,2.0855,2.1734,2.2803,2.4229,2.4978,2.551,2.6063,2.6109,2.5577,2.5033,2.4232,2.3586,2.3065,2.1388,2.1373,2.2882,2.4091,2.4361,2.6,2.5762,2.5668,2.5372,2.5306,2.4175,2.3658,2.3171,2.1873,2.1596,2.2395,2.3843,2.4463,2.557,2.5931,2.5251,2.6207,2.5235,2.5149,2.3569,2.2327,2.166,2.0651,2.228,2.3183,2.3983,2.4841,2.5711,2.6586,2.5451,2.5289,2.4652,2.4654,2.2981,2.2418,2.1379,2.1297,2.2531,2.3579,2.4996,2.5286,2.6048,2.6234,2.5998,2.5531,2.4744,2.3526,2.3145,2.1869,2.1234,2.2487,2.326,2.431,2.5098,2.5533,2.6118,2.5456,2.5441,2.4935,2.3885,2.3396,2.1765,2.1315,2.2299,2.3081,2.3864,2.5586,2.5394,2.6537,2.6169,2.567,2.4797,2.4568,2.366,2.2695
0.6843,0.4781,0.5796,0.6726,0.7422,0.8125,0.8789,0.8555,0.841,0.7856,0.7386,0.6646,0.5428,0.4482,0.4721,0.6231,0.6347,0.7603,0.8027,0.9173,0.9102,0.7953,0.8612,0.7614,0.6716,0.6451,0.4668,0.357,0.5236,0.6462,0.6994,0.7805,0.8616,0.9066,0.8411,0.7858,0.7965,0.7061,0.6205,0.5259,0.4153,0.4173,0.5746,0.6989,0.7606,0.8079,0.8576,0.8747,0.8776,0.8728,0.6784,0.6265,0.5288,0.4474,0.4766,0.554,0.6627,0.7075,0.7928,0.8146,0.8869,0.8402,0.8276,0.7811,0.6543,0.6047,0.5121,0.4234,0.4831,0.593,0.6993,0.8261,0.8154,0.8328,0.8543,0.823,0.7675,0.6898,0.6603,0.4801,0.4038,0.4562,0.5848,0.6427,0.777,0.8094,0.863,0.8937,0.8972,0.8073,0.8013,0.6328,0.554,0.4172,0.3935,0.5341,0.7295,0.7579,0.7862,0.9009,0.9292,0.8696,0.7924,0.7495,0.7285,0.6191,0.4966,0.3751,0.4983,0.6289,0.6863,0.7784,0.7659,0.8489,0.9049,0.8851,0.7324,0.6961,0.6801,0.4999,0.3909,0.4508,0.6339,0.694,0.7351,0.8306,0.9137,0.8811,0.8331,0.7973,0.6876,0.648,0.541,0.4951,0.416,0.5748,0.6549,0.76,0.7694,0.8522,0.8849,0.8558,0.8612,0.7595,0.7117,0.6413,0.5033,0.4154,0.471,0.6403,0.7215,0.7837,0.833,0.8629,0.8831,0.8306,0.8401,0.7448,0.6115,0.4943,0.5137,0.4549,0.5703,0.7156,0.8102,0.8667,0.8502,0.8945,0.8982,0.8062,0.6766,0.677,0.5658,0.4653,0.3594,0.5481,0.6511,0.6911,0.7494,0.8838,0.9024,0.8698,0.8455,0.7719,0.7069,0.6749,0.485,0.3825,0.4936,0.6807,0.7287,0.8033,0.8041,0.9517,0.865,0.8509,0.7098,0.7011,0.6798,0.5287
0.5652,0.4969,0.5609,0.6824,0.7551,0.8357,0.8377,0.962,0.8148,0.7505,0.7307,0.6243,0.546,0.4237,0.4388,0.5307,0.668,0.7192,0.7443,0.9032,0.8511,0.851,0.8333,0.7494,0.6694,0.5926,0.495,0.3796,0.528,0.6624,0.7907,0.7859,0.8486,0.8705,0.889,0.8064,0.8236,0.7006,0.6133,0.4968,0.401,0.4081,0.5469,0.7521,0.7566,0.8595,0.9206,0.8978,0.8454,0.7567,0.6732,0.6632,0.5706,0.4482,0.4364,0.5311,0.6669,0.7488,0.7913,0.8014,0.8876,0.9173,0.8224,0.7535,0.6971,0.5579,0.4714,0.3844,0.4123,0.6584,0.7367,0.7493,0.914,0.8915,0.9077,0.8666,0.7815,0.702,0.5745,0.5635,0.4336,0.4979,0.5593,0.648,0.7228,0.8389,0.8721,0.9004,0.8483,0.7909,0.6985,0.6297,0.5879,0.4403,0.4396,0.5554,0.6284,0.7251,0.844,0.8704,0.9135,0.8447,0.8325,0.7461,0.6792,0.5844,0.4981,0.3508,0.4576,0.5816,0.7278,0.7695,0.8428,0.8552,0.8497,0.7948,0.7636,0.7414,0.6716,0.5509,0.4268,0.489,0.62,0.6682,0.8065,0.8242,0.8448,0.8825,0.8218,0.8094,0.7346,0.7177,0.5821,0.4237,0.4275,0.5232,0.6527,0.8042,0.8211,0.8335,0.8539,0.8493,0.8042,0.7514,0.6718,0.555,0.5026,0.3735,0.4731,0.629,0.7282,0.8147,0.7821,0.8586,0.8719,0.7929,0.756,0.6834,0.6874,0.5423,0.4285,0.4832,0.5771,0.6495,0.7126,0.8651,0.8934,0.8956,0.8697,0.8049,0.7796,0.6398,0.5691,0.4798,0.4397,0.5021,0.5768,0.6868,0.8114,0.879,0.9062,0.8452,0.7884,0.8393,0.7212,0.5899,0.5208,0.3895,0.4743,0.6605,0.6714,0.8016,0.8632,0.8511,0.8938,0.7885,0.7647,0.7348,0.7147,0.5313
0.6504,0.4415,0.5755,0.6674,0.7798,0.7987,0.8891,0.8704,0.81,0.7845,0.7932,0.6189,0.5605,0.4366,0.3816,0.5921,0.6348,0.7672,0.8078,0.8021,0.8997,0.8452,0.7581,0.8024,0.6797,0.5742,0.4868,0.3853,0.5029,0.5639,0.7936,0.8199,0.8307,0.8584,0.8823,0.8977,0.7848,0.6928,0.5948,0.5442,0.3965,0.5567,0.5881,0.6921,0.7968,0.81,0.831,0.8584,0.838,0.7808,0.7472,0.6222,0.5865,0.4394,0.3891,0.5373,0.6382,0.758,0.8133,0.8619,0.8917,0.8399,0.7871,0.7289,0.6816,0.6089,0.449,0.4196,0.5163,0.6526,0.7334,0.8128,0.7849,0.8934,0.8395,0.8259,0.7709,3.7969,3.6603,3.6199,3.4713,3.5393,3.6092,3.7698,3.8036,3.9527,3.9675,3.9624,3.9127,3.8665,3.7931,3.7155,3.6062,3.5047,3.5225,3.6193,3.7658,3.805,3.9195,3.9828,4.0045,3.9152,3.9033,3.8741,3.7599,3.6807,3.6316,3.4619,3.5671,3.642,3.7716,3.8496,3.9171,3.9864,3.8909,3.9184,3.8406,3.7892,3.7082,3.5758,3.4264,3.5436,3.625,3.7204,3.8222,3.8721,3.9515,3.9632,3.8687,3.8822,3.8256,3.7319,3.6202,3.5508,3.452,3.6401,3.6744,3.8629,3.8646,3.8936,3.9586,3.9196,3.9367,3.7644,3.7224,3.7169,3.5218,3.5162,3.5725,3.6546,3.7848,3.8771,3.9873,3.9117,3.9707,3.9044,3.8471,3.8026,3.7297,3.6272,3.4246,3.5472,3.5884,3.7995,3.8809,3.8838,3.9324,3.9595,3.9145,3.8687,3.8111,3.7647,3.6183,3.4989,3.5055,3.6315,3.7401,3.8124,3.8204,3.9896,3.9412,4.0106,3.8711,3.877,3.741,3.6562,3.5581,3.5146,3.5797,3.716,3.8174,3.8601,3.9577,3.9978,3.9653,3.8856,3.8144,3.8653,3.6782,3.5973
0.6146,0.4558,0.5419,0.6902,0.7946,0.7724,0.9077,0.8665,0.7807,0.8061,0.7664,0.6947,0.5906,0.4254,0.4504,0.515,0.6783,0.7258,0.834,0.8683,0.9345,0.855,0.8099,0.7003,0.6812,0.6002,0.4494,0.3806,0.5539,0.6252,0.6894,0.8413,0.8272,0.8775,0.8974,0.8657,0.7764,0.7093,0.6326,0.5154,0.3816,0.4226,0.5447,0.6716,0.7741,0.8117,0.9694,0.8613,0.8431,0.7938,0.7115,0.6676,0.5613,0.4397,0.3822,0.5483,0.642,0.7714,0.8351,0.8548,0.8704,0.8522,0.7889,0.7876,0.7132,0.5731,0.4775,0.3898,0.4923,0.6389,0.7027,0.8135,0.884,0.8811,0.873,0.794,0.7506,0.6876,0.6724,0.5398,0.3814,0.4437,0.5345,0.6847,0.7212,0.8173,0.9102,0.8469,0.8573,0.8367,0.7648,0.6461,0.5817,0.4575,0.4324,0.4763,0.7171,0.7183,0.7827,0.8371,0.8648,0.8508,0.7867,0.7747,0.6938,0.6187,0.542,0.378,0.5912,0.6284,0.6725,0.7866,0.8398,0.8772,0.8799,0.7932,0.7747,0.7496,0.6264,0.5296,0.402,0.4405,0.5453,0.6443,0.767,0.7879,0.8213,0.9509,0.8419,0.7964,0.7315,0.6656,0.4932,0.4978,0.4088,0.5597,0.6191,0.7601,0.8147,0.7964,0.9102,0.8257,0.8086,0.79,0.7045,0.6358,0.4809,0.4231,0.4577,0.5776,0.7221,0.7688,0.772,0.8827,0.8586,0.8936,0.7942,0.7398,0.6224,0.5261,0.3838,0.4613,0.5875,0.6947,0.7761,0.8662,0.9423,0.9059,0.7919,0.8394,0.7263,0.6952,0.5991,0.4415,0.3965,0.5702,0.5796,0.7121,0.7995,0.9103,0.8523,0.8818,0.8735,0.7727,0.7294,0.6773,0.4962,0.39,0.4915,0.6204,0.6928,0.7787,0.906,0.8553,0.9219,0.8689,0.7627,0.7668,0.6474,0.5414
0.5726,0.4273,0.5893,0.6658,0.7924,0.8185,0.861,0.8963,0.8502,0.7896,0.7271,0.6403,0.5647,0.4306,0.4085,0.5247,0.6847,0.7628,0.814,0.8746,0.9294,0.8819,0.8043,0.741,0.7072,0.612,0.454,0.4086,0.5027,0.6584,0.6873,0.7934,0.8305,0.8144,0.9271,0.8955,0.8056,0.6979,0.6425,0.4656,0.4579,0.4913,0.6173,0.7086,0.7789,0.7863,0.8964,0.9051,0.8229,0.8031,0.7412,0.7044,0.5373,0.4401,0.4147,0.5338,0.6695,0.7368,0.8419,0.87,0.8864,0.8406,0.8281,0.7846,0.7006,0.6057,0.4856,0.4255,0.4615,0.5765,0.7601,0.7673,0.8791,0.9131,0.9171,0.841,0.7792,0.7526,0.617,0.5434,0.4662,0.4328,0.6224,0.6647,0.7773,0.7841,0.8404,0.8889,0.849,0.8042,0.7348,0.6515,0.5735,0.4324,0.4644,0.5521,0.6388,0.7303,0.8113,0.9114,0.9231,0.8518,0.8047,0.7806,0.6735,0.6744,0.4525,0.4144,0.5336,0.6151,0.7311,0.7935,0.8315,0.857,0.9087,0.8721,0.762,0.7199,0.6624,0.555,0.4574,0.4454,0.5371,0.6414,0.7457,0.8116,0.8415,0.9127,0.8278,0.8229,0.6817,0.656,0.6013,0.4639,0.4066,0.5255,0.6603,0.7191,0.8372,0.8093,0.8832,0.846,0.8132,0.7609,0.737,0.6542,0.4524,0.4382,0.4966,0.6008,0.6969,0.7552,0.8574,0.8653,0.8991,0.836,0.8038,0.7062,0.6088,0.5593,0.4296,0.4376,0.5812,0.7397,0.7394,0.778,0.8136,0.869,0.865,0.8679,0.6976,0.6249,0.5484,0.4139,0.399,0.5669,0.6848,0.7343,0.7093,0.8508,0.9277,0.8641,0.895,0.7756,0.645,0.5999,0.4582,0.4318,0.4774,0.6343,0.7591,0.7476,0.8594,0.8678,0.8049,0.844,0.8298,0.7637,0.6539,0.5702
0.5808,0.4563,0.5861,0.7192,0.7781,0.8113,0.8795,0.9178,0.8161,0.8161,0.7296,0.6372,0.5897,0.465,0.4125,0.542,0.6366,0.7398,0.7942,0.9016,0.9442,0.8766,0.827,0.7282,0.7261,0.5651,0.4822,0.4203,0.4833,0.5851,0.7405,0.8082,0.8252,0.859,0.9255,0.7712,0.788,0.7074,0.6102,0.5471,0.4006,0.4549,0.6035,0.6825,0.8182,0.804,0.8701,0.8713,0.8672,0.8041,0.741,0.668,0.515,0.4634,0.4745,0.5461,0.6167,0.7608,0.7989,0.9019,0.9283,0.8661,0.835,0.7094,0.6791,0.5835,0.4843,0.3816,0.5408,0.6008,0.7296,0.7453,0.8354,0.8842,0.8536,0.8628,0.848,0.7343,0.6316,0.4924,0.3963,0.4434,0.5956,0.6746,0.7833,0.823,0.8741,0.9027,0.8504,0.8284,0.7651,0.6674,0.5929,0.429,0.4399,0.5219,0.6158,0.78,0.7924,0.833,0.9223,0.8941,0.7981,0.7646,0.708,0.5774,0.4638,0.4034,0.4963,0.6519,0.7655,0.7932,0.866,0.8953,0.8725,0.8217,0.763,0.7059,0.5591,0.5387,0.4084,0.4496,0.5594,0.6494,0.7789,0.8072,0.8518,0.8679,0.8529,0.818,0.7893,0.6733,0.5366,0.4783,0.4223,0.5255,0.6324,0.6699,0.8598,0.887,0.857,0.9026,0.8073,0.7191,0.7621,0.6449,0.4902,0.4137,0.5583,0.6173,0.7221,0.7748,0.8574,0.9039,0.8513,0.7942,0.7982,0.7053,0.6356,0.5523,0.3866,0.469,0.5911,0.6481,0.7748,0.8233,0.8964,0.873,0.8944,0.7298,0.7418,0.6387,0.5609,0.4554,0.3895,0.5342,0.6373,0.7162,0.7789,0.8325,0.8232,0.8725,0.8374,0.7632,0.7564,0.6097,0.5159,0.4309,0.4468,0.588,0.6905,0.7443,0.784,0.9171,0.8828,0.8338,0.7746,0.6619,0.6525,0.5163
0.6147,0.457,0.5387,0.7028,0.7688,0.8355,0.8705,0.8788,0.872,0.7578,0.7287,0.6298,0.4887,0.4981,0.3861,0.5001,0.701,0.787,0.784,0.8503,0.9204,0.8664,0.804,0.7626,0.712,0.5824,0.481,0.3568,0.4289,0.6737,0.7125,0.7708,0.8611,0.8718,0.9183,0.8719,0.7608,0.7075,0.6354,0.5405,0.3745,0.4706,0.5173,0.6808,0.7313,0.876,0.9162,0.9031,0.8473,0.7686,0.7303,0.7345,0.5806,0.4293,0.467,0.516,0.6411,0.6825,0.7932,0.8774,0.8971,0.901,0.9032,0.7775,0.7226,0.6115,0.4454,0.4604,0.4614,0.6191,0.7237,0.7519,0.8974,0.8272,0.8962,0.8855,0.7488,0.7449,0.588,0.5191,0.4134,0.4919,0.5709,0.7064,0.7645,0.8162,0.8597,0.8608,0.8593,0.727,0.7587,0.6864,0.6037,0.4483,0.4279,0.5423,0.6557,0.7533,0.8475,0.8367,0.8946,0.9198,0.8643,0.7784,0.656,0.6228,0.5271,0.3908,0.4265,0.5828,0.6544,0.7876,0.9103,0.867,0.8773,0.8076,0.8294,0.7222,0.6369,0.5219,0.4383,0.4439,0.6091,0.7448,0.6897,0.8337,0.8732,0.923,0.8167,0.8159,0.7097,0.7037,0.6122,0.4279,0.4029,0.509,0.6649,0.7383,0.7555,0.8094,0.9006,0.8667,0.776,0.8023,0.6961,0.5879,0.5241,0.4135,0.4692,0.638,0.7018,0.8142,0.8308,0.8458,0.8724,0.856,0.7197,0.7081,0.6235,0.532,0.4243,0.4535,0.5464,0.6984,0.7372,0.8301,0.8907,0.8599,0.8508,0.8038,0.7988,0.68,0.4893,0.4882,0.4323,0.5675,0.6428,0.7367,0.7714,0.8642,0.8712,-0.9936,-1.0211,-1.0623,-1.1804,-1.208,-1.3592,-1.4104,-1.32,-1.1848,-1.1371,-1.0129,-0.9351,-0.9381,-0.9568,-0.9366,-0.9527,-1.1122,-1.2042,-1.2794
0.6353,0.4276,0.5274,0.6905,0.7655,0.7841,0.8282,0.9166,0.8787,0.8077,0.7266,0.6901,0.5488,0.4281,0.4524,0.5628,0.6743,0.7179,0.8491,0.8281,0.8323,0.8292,0.8134,0.7601,0.6898,0.5735,0.4711,0.447,0.4861,0.593,0.7217,0.7788,0.8317,0.8719,0.9501,0.8832,0.8039,0.7459,0.5939,0.5551,0.4528,0.4821,0.5787,0.6329,0.7822,0.7986,0.8418,0.8724,0.845,0.7923,0.7817,0.6449,0.6017,0.4553,0.415,0.5501,0.7058,0.7729,0.781,0.8716,0.8823,0.8973,0.8303,0.7706,0.6592,0.5733,0.4511,0.4052,0.4833,0.6036,0.7526,0.772,0.8193,0.8984,0.9288,0.8285,0.7901,0.6817,0.6757,0.5105,0.3936,0.455,0.5889,0.7006,0.8125,0.8299,0.9027,0.8667,0.8401,0.7619,0.8317,0.6632,0.5233,0.462,0.4434,0.5169,0.682,0.7662,0.7926,0.8163,0.9007,0.9166,0.7941,0.8157,0.7254,0.5867,0.4864,0.3847,0.4983,0.683,0.7497,0.7218,0.897,0.8765,0.9222,0.8074,0.7932,0.7113,0.5568,0.528,0.3837,0.4081,0.573,0.6806,0.8144,0.8221,0.8766,0.8901,0.8444,0.7745,0.7111,0.6558,0.6126,0.4792,0.4313,0.5228,0.6115,0.7885,0.8179,0.8693,0.8706,0.8285,0.8292,0.742,0.6512,0.5842,0.512,0.3869,0.5414,0.6159,0.7183,0.8361,0.8181,0.8501,0.7926,0.8472,0.8317,-2.3493,-2.4097,-2.5431,-2.6201,-2.5295,-2.4787,-2.3406,-2.2376,-2.2184,-2.1301,-2.151,-2.1596,-2.192,-2.2658,-2.4355,-2.4686,-2.5702,-2.6513,-2.5098,-2.3904,-2.2715,-2.1801,-2.1701,-2.1283,-2.189,-2.2168,-2.2556,-2.305,-2.3958,-2.4763,-2.547,-2.5156,-2.4093,-2.2866,-2.2201,-2.2024,-2.1148,-2.1806,-2.1491,-2.2454,-2.2976,-2.3729,-2.4695
0.5905,0.5241,0.5694,0.6857,0.7966,0.7687,0.8599,0.8724,0.8242,0.779,0.7472,0.6558,0.5583,0.4637,0.4564,0.4687,0.6754,0.7892,0.7518,0.8689,0.9191,0.9121,0.8548,0.8312,0.6822,0.5986,0.4783,0.3938,0.4728,0.6118,0.7398,0.7398,0.8407,0.8421,0.8677,0.807,0.8243,0.6929,0.6384,0.566,0.4393,0.4214,0.5811,0.7134,0.7286,0.8626,0.8516,0.9034,0.8356,0.8165,0.7554,0.6563,0.5813,0.486,0.4132,0.4807,0.6653,0.7169,0.7676,0.8298,0.9221,0.8976,0.824,0.7471,0.706,0.6074,0.4868,0.4193,0.5072,0.5975,0.7585,0.8064,0.8379,0.927,0.9512,0.8057,0.7723,0.7673,0.673,0.4863,0.4586,0.4597,0.6369,0.7084,0.7503,0.851,0.9306,0.9117,0.8568,0.828,0.726,0.6694,0.5859,0.4472,0.4539,0.6155,0.6745,0.7806,0.8076,0.8773,0.8972,0.8965,0.7689,0.7732,0.6726,0.6297,0.5159,0.3823,0.4912,0.5128,0.6726,0.728,0.8328,0.8738,0.7989,0.8899,0.7528,0.7437,0.6703,0.5839,0.4557,0.4525,0.553,0.6507,0.793,0.7845,0.8947,0.8786,0.8693,0.8276,0.7836,4.6226,4.5156,4.4073,4.5306,4.5369,4.6128,4.6916,4.8199,4.8657,4.9048,4.8704,4.7056,4.7437,4.6871,4.6167,4.4669,4.4379,4.4055,4.6309,4.7406,4.7826,4.8194,4.9234,4.839,4.8903,4.7682,4.691,4.6103,4.5061,4.389,4.4268,4.6026,4.6674,4.7693,4.8101,4.8335,4.8062,4.7449,4.7675,4.7366,4.7013,4.4884,4.4724,4.4116,4.4824,4.6336,4.7304,4.8487,4.8862,4.8585,4.8734,4.8471,4.7294,4.7014,4.6578,4.4686,4.3407,4.4726,4.6121,4.6765,4.8362,4.8062,4.8857,4.8321,4.7567,4.7929,4.6767,4.6163,4.4815
0.6199,0.4678,0.5676,0.7222,0.7702,0.8059,0.9003,0.8778,0.8151,0.7732,0.748,0.6024,0.5687,0.3926,0.4147,0.5079,0.6962,0.7736,0.7887,0.8348,0.8863,0.873,0.8195,0.7389,0.7145,0.5949,0.5456,0.3645,0.5312,0.6224,0.7158,0.7738,0.8319,0.8764,0.8562,0.8119,0.7786,0.6717,0.6384,0.4845,0.4475,0.4431,0.5558,0.7086,0.729,0.8075,0.8809,0.8293,0.9105,0.7888,0.7733,0.7052,0.5981,0.3833,0.5088,0.5668,0.6667,0.7553,0.8234,0.897,0.8695,0.8971,0.8219,0.7355,0.738,0.6167,0.5166,0.461,0.51,0.6521,0.7331,0.8146,0.8241,0.9209,0.847,0.8541,0.8021,0.7609,0.6222,0.5669,0.3458,0.4621,0.6139,0.6942,0.7779,0.8122,0.8747,0.8841,0.7808,0.8358,0.7148,0.6821,0.5583,0.4329,0.4324,0.5124,0.6304,0.7254,0.7694,0.852,0.9219,0.8426,0.8401,0.7611,0.6679,0.6226,0.4658,0.4091,0.53,0.6178,0.7296,0.7944,0.8631,0.8558,0.9307,0.8239,0.7811,0.7482,0.6188,0.5781,0.4002,0.5481,0.5803,0.6842,0.8107,0.8068,0.8247,0.8958,0.8614,0.8293,0.7874,0.6643,0.5941,0.5216,0.4338,0.5185,0.6311,0.7822,0.7928,0.8754,0.8509,0.8734,0.8426,0.8121,0.6762,0.5707,0.4955,0.3424,0.4605,0.6163,0.6855,0.8058,0.8521,0.9124,0.866,0.7537,0.8135,0.7547,0.6475,0.5274,0.3677,0.4749,0.5692,0.6718,0.7679,0.7858,0.8764,0.8645,0.8379,0.8551,0.7252,0.6318,0.56,0.4061,0.3815,0.5166,0.6378,0.7435,0.8719,0.8894,0.8944,0.8449,0.8082,0.7122,0.7046,0.5715,0.4674,0.3973,0.5007,0.6045,0.7342,0.7551,0.8263,0.9152,0.9012,0.8087,0.7512,0.6888,0.6188,0.5646
0.6115,0.4299,0.5858,0.6678,0.6994,0.78,0.9111,0.8958,0.8516,0.7788,0.7452,0.6648,0.5419,0.4232,0.4316,0.5038,0.599,0.6959,0.8644,0.8629,0.8656,0.9113,0.826,0.6974,0.7269,0.6102,0.5214,0.4461,0.4607,0.5921,0.7255,0.7374,0.8195,0.8414,0.9086,0.8111,0.7967,0.7061,0.6102,0.5613,0.4174,0.4193,0.6278,0.6699,0.8022,0.8382,0.9066,0.8463,0.8458,0.7496,0.7197,0.7014,0.5829,0.45,0.4525,0.5882,0.6902,0.7178,0.8653,0.8477,0.8507,0.8813,0.8266,0.7412,0.7397,0.6092,0.4993,0.4035,0.4924,0.5807,0.652,0.7692,0.8167,0.9075,0.8439,0.8249,0.8284,0.7215,0.6548,0.5129,0.4695,0.413,0.5557,0.6513,0.7501,0.8749,0.8835,0.8912,0.8716,0.8084,0.787,0.6576,0.5801,0.459,0.42,0.5321,0.6681,0.7466,0.8077,0.8263,0.8746,0.9028,0.8461,0.7689,0.6696,0.5724,0.4611,0.3638,0.5405,0.5762,0.6572,0.6976,0.8981,0.8525,0.8915,0.8147,0.8225,0.6784,0.638,0.5535,0.4079,0.4432,0.578,0.6452,0.7903,0.8084,0.8282,0.9163,0.8348,0.8146,0.7712,-2.8589,-2.9474,-3.0222,-3.0417,-2.931,-2.8633,-2.7623,-2.7061,-2.5564,-2.5792,-2.621,-2.7605,-2.6572,-2.76,-2.9023,-2.9656,-3.0887,-2.9856,-2.7819,-2.7127,-2.6166,-2.6025,-2.648,-2.6089,-2.6312,-2.7373,-2.7489,-2.858,-2.9735,-3.096,-3.0057,-2.8869,-2.7521,-2.6715,-2.6235,-2.5801,-2.6001,-2.6378,-2.6765,-2.731,-2.816,-2.9052,-3.1019,-3.0367,-2.9587,-2.8472,-2.7288,-2.6286,-2.6172,-2.5872,-2.6668,-2.6828,-2.6551,-2.8066,-2.839,-2.9629,-3.0771,-3.0019,-2.8407,-2.7546,-2.7599,-2.6645,-2.5868,-2.597,-2.6645,-2.7081,-2.761,-2.8256,-2.944
0.61,0.4772,0.5581,0.7036,0.8043,0.8527,0.8318,0.9155,0.8857,0.8228,0.7678,0.684,0.5645,0.4693,0.3893,0.5169,0.6745,0.712,0.79,0.8835,0.8772,0.8837,0.8203,0.737,0.6963,0.6227,0.5028,0.3933,0.5378,0.646,0.7694,0.7498,0.8032,0.7983,0.8551,0.8791,0.7931,0.6637,0.6172,0.4973,0.4932,-1.4199,-1.3066,-1.2301,-1.1619,-1.1002,-1.0847,-0.945,-1.0347,-1.0653,-1.2316,-1.258,-1.3575,-1.4596,-1.4843,-1.3583,-1.2374,-1.1762,-1.0728,-1.0475,-0.9691,-0.999,-1.0815,-1.0954,-1.2185,-1.3153,-1.4081,-1.4349,-1.4066,-1.2923,-1.1593,-1.049,-1.0522,-1.1055,-1.0037,-1.0233,-1.1232,-1.1925,-1.327,-1.386,-1.4755,-1.4068,-1.2684,-1.1514,-1.1995,-1.0631,-1.096,-1.0248,-1.046,-1.0633,-1.162,-1.2408,-1.3642,-1.4618,-1.4999,-1.2951,-1.2075,-1.1558,-1.134,-0.9951,-1.0023,-0.9877,-1.0794,-1.1276,-1.2229,-1.2615,-1.3813,-1.4571,-1.3677,-1.3127,-1.1895,-1.1136,-1.0586,-0.9622,-1.054,-1.0563,-1.1064,-1.1492,-1.2649,-1.3899,-1.4105,-1.4298,-1.3158,-1.184,-1.1129,-1.044,-1.0249,-1.0212,-1.0685,-1.1116,-1.1797,-1.2482,-1.3401,-1.4779,-1.4146,-1.3776,-1.2312,-1.1444,-1.1025,-0.9911,-1.0351,-1.0096,-1.0499,-1.1358,-1.1843,-1.2558,-1.3737,-1.5014,-1.3585,-1.2251,-1.156,-1.1344,-1.0001,-0.9983,-0.9864,-1.0244,-1.0859,-1.1856,-1.2371,-1.3683,-1.4304,-1.414,-1.3214,-1.2418,-1.1378,-1.0633,-0.9583,-0.9813,-1.0998,-1.1215,-1.202,-1.2366,-1.3274,-1.4469,-1.4275,-1.3441,-1.2495,-1.1575,-1.0245,-1.0515,-0.9995,-1.094,-1.1047,-1.0737,-1.1673,-1.296,-1.4944,-1.4862,-1.405,-1.2708,-1.1943,-1.0848,-1.0583,-1.0411,-1.0156,-1.0394,-1.0926,-1.2219,-1.2379,-1.3674
0.595,0.4636,0.5007,0.6482,0.7584,0.7992,0.9218,0.9261,0.8592,0.8153,0.7717,0.6471,0.5768,0.4024,0.4365,0.5121,0.6322,0.6706,0.7863,0.8711,0.8892,0.8495,0.8078,0.7634,0.6865,0.6446,0.4685,0.3938,0.4595,0.6017,0.6966,0.8538,0.8608,0.8893,0.8424,0.8643,0.8015,0.7464,0.5841,0.5504,0.3937,0.4616,0.6388,0.6683,0.7373,0.7969,0.8471,0.8914,0.8586,0.7901,0.7969,0.729,0.5775,0.4201,0.4149,0.5696,0.6728,0.6625,0.7589,0.8491,0.8968,0.87,0.7917,0.7387,0.7666,0.551,0.5032,0.4135,0.5138,0.6086,0.6852,0.7513,0.869,0.8298,0.8752,0.8381,0.8411,0.7356,0.6476,0.5243,0.3512,0.4479,0.5419,0.7074,0.7857,0.8397,0.8302,0.9103,0.8507,0.7883,0.7365,0.6373,0.5697,0.4614,0.5011,0.5201,0.6355,0.7783,0.7933,0.8914,0.9343,0.8247,0.7797,0.802,0.7038,0.6253,0.5542,0.4413,0.465,0.6377,0.6894,0.7792,0.8189,0.8545,0.8902,0.8371,0.8604,0.6816,0.6291,0.4903,0.4487,0.4628,0.5279,0.6305,0.7406,0.8259,0.8731,0.8778,0.8997,0.7794,0.6781,0.7026,0.5452,0.4069,0.3928,0.5621,0.6315,0.7025,0.848,0.8557,0.9315,0.86,0.7847,0.7412,0.6935,0.5901,0.4495,0.4051,0.4919,0.5514,0.6896,0.8061,0.8697,0.8708,0.8435,0.8538,0.7638,0.7179,0.6165,0.5275,0.448,0.4462,0.5123,0.7049,0.7357,0.7962,0.8611,0.9127,0.8473,0.8303,0.7669,0.668,0.5213,0.4028,0.442,0.5648,0.6813,0.672,0.8104,0.84,0.9511,0.871,0.7925,0.805,0.6373,0.6276,0.4973,0.4064,0.5308,0.5995,0.7598,0.7371,0.8601,0.8651,0.9243,0.8331,0.7966,0.741,0.6623,0.4859
0.5931,0.4216,0.5846,0.6796,0.7713,0.8487,0.8155,0.8758,0.886,0.7747,0.75,0.636,0.5473,0.432,0.3884,0.6062,0.6504,0.7643,0.8649,0.8579,0.8908,0.8656,0.7458,0.7845,0.6488,0.5894,0.4749,0.4526,0.5055,0.5927,0.6515,0.8053,0.887,0.9259,0.8863,0.8408,0.7402,0.6803,0.6411,0.511,0.4389,0.469,0.5351,0.7268,0.7935,0.7982,0.8809,0.8905,0.8729,0.8143,0.6605,0.6573,0.5537,0.4355,0.4788,0.5376,0.6516,0.8016,0.8524,0.8814,0.8709,0.8815,0.8319,0.7628,0.7018,0.6001,0.4547,0.3928,0.5073,0.6452,0.6667,0.8001,0.9243,0.9217,0.8446,0.8413,0.7819,0.6555,0.6417,0.5444,0.3473,0.4375,0.588,0.6755,0.7799,0.8564,0.898,0.907,0.8271,0.8315,0.7749,0.6488,0.6002,0.4437,0.4466,0.5527,0.6337,-0.3438,-0.3138,-0.2322,-0.1592,-0.2333,-0.2582,-0.3688,-0.3968,-0.5123,-0.6244,-0.7143,-0.5921,-0.5212,-0.4235,-0.2461,-0.2595,-0.2827,-0.179,-0.2385,-0.3087,-0.3336,-0.4465,-0.577,-0.6232,-0.5984,-0.547,-0.3987,-0.3839,-0.2644,-0.222,-0.2092,-0.263,-0.2871,-0.2995,-0.4517,-0.5453,-0.6367,-0.6767,-0.6132,-0.4208,-0.4082,-0.3112,-0.211,-0.2721,-0.2356,-0.2577,-0.3129,-0.3826,-0.5045,-0.6401,-0.6797,-0.5955,-0.4473,-0.4026,-0.3202,-0.264,-0.2334,-0.2284,-0.2679,-0.2879,-0.3507,-0.4527,-0.6177,-0.6553,-0.6627,-0.4768,-0.4545,-0.3268,-0.2792,-0.2585,-0.2048,-0.259,-0.2548,-0.4011,-0.4191,-0.5409,-0.6227,-0.6499,-0.551,-0.497,-0.3498,-0.2651,-0.2605,-0.2046,-0.2102,-0.2562,-0.3111,-0.4112,-0.4665,-0.6186,-0.6887,-0.5772,-0.4943,-0.3803,-0.3708,-0.2805,-0.2498,-0.2299,-0.2049,-0.3135,-0.377,-0.4506,-0.5387
0.5608,0.5156,0.6041,0.6701,0.7936,0.832,0.8623,0.8531,0.8463,0.8261,0.7407,0.7117,0.6051,0.52,0.4093,0.5555,0.5902,0.728,0.852,0.883,0.9114,0.9071,0.8226,0.7474,0.6701,0.5903,0.5214,0.3822,0.5179,0.5973,0.7594,0.7695,0.8476,0.8796,0.8457,0.8314,0.8145,0.6848,0.6389,0.5273,0.4267,0.4476,0.6177,0.7279,0.7669,0.8517,0.8752,0.8461,0.8368,0.7967,0.7426,0.6527,0.5703,0.4031,0.3999,0.5383,0.6471,0.7758,0.8087,0.8633,0.8953,0.8569,0.8385,0.7987,0.6702,0.566,0.5206,0.4129,0.5413,0.6313,0.684,0.8181,0.7727,0.9049,0.8829,0.8565,0.8127,0.7877,0.5752,0.5548,0.422,0.4962,0.5977,0.6823,0.769,0.8259,0.8786,0.9067,0.8666,0.759,0.8031,0.6604,0.574,0.4612,0.3883,0.5339,0.6978,0.7549,0.8225,0.8618,0.8603,0.8457,0.7971,0.6897,0.6954,0.5664,0.496,0.3521,0.5005,0.6457,0.6861,0.7702,0.8263,0.9171,0.9379,0.8289,0.7976,0.7232,0.6459,0.5181,0.4025,0.4581,0.6208,0.689,-1.878,-1.9118,-1.8559,-1.7829,-1.8298,-1.8789,-1.9244,-1.9986,-2.1507,-2.1954,-2.2179,-2.1619,-2.0598,-1.973,-1.8712,-1.8457,-1.7955,-1.8144,-1.898,-1.8748,-2.0318,-2.1032,-2.206,-2.3145,-2.1916,-2.0134,-1.9609,-1.8919,-1.8788,-1.7894,-1.8421,-1.8316,-1.8904,-1.9702,-2.0128,-2.1282,-2.2897,-2.2381,-2.1617,-1.99,-1.8935,-1.8874,-1.8174,-1.7926,-1.8288,-1.8123,-1.9623,-2.0486,-2.1318,-2.1773,-2.2618,-2.1976,-1.9884,-1.9562,-1.8516,-1.793,-1.7816,-1.7884,-1.8785,-1.9523,-1.946,-2.0066,-2.2309,-2.2568,-2.2035,-2.0829,-1.9912,-1.8979,-1.8699,-1.7972,-1.7698,-1.8567,-1.9245,-1.9322,-2.109,-2.1961
0.5689,0.3994,0.6088,0.6845,0.782,0.7971,0.87,0.8769,0.8693,0.7876,0.7568,3.8812,3.7555,3.6657,3.646,3.7602,3.907,3.9992,3.9844,4.1158,4.0875,4.0747,4.1146,4.0092,3.9244,3.8896,3.6951,3.5896,3.7261,3.8265,3.9545,4.0011,4.1236,4.142,4.1022,4.0517,3.997,3.9597,3.8745,3.75,3.6005,3.6325,3.7598,3.8934,3.9433,4.0503,4.0907,4.0647,4.0374,3.9777,3.9409,3.8896,3.7579,3.6964,3.6385,3.7905,3.907,3.9635,4.0221,4.0806,4.1406,4.0691,4.0773,4.0182,3.913,3.7584,3.7476,3.6421,3.726,3.8596,3.9852,4.0086,4.0442,4.1172,4.0596,4.033,3.9965,3.9019,3.8403,3.7519,3.6285,3.6892,3.865,3.9008,4.0216,4.0302,4.1011,4.1094,4.0493,4.028,3.9501,3.8748,3.8092,3.6686,3.6465,3.7209,3.8958,3.9402,4.0181,4.0666,4.1389,4.1069,3.9972,3.9468,3.9414,3.8783,3.6833,3.6102,3.7025,3.8538,3.9487,3.9819,4.0365,4.082,4.1401,4.0699,4.003,3.8892,3.8782,3.7447,3.6733,3.6087,3.7832,3.9005,3.9945,4.0819,4.0905,4.1458,4.0116,4.0432,3.9879,3.882,3.7829,3.6554,3.6125,3.7242,3.8673,3.9845,4.0676,4.0504,4.0942,4.0957,4.0356,4.0094,3.9283,3.7582,3.7215,3.6566,3.7574,3.8672,3.899,3.999,4.0706,4.0983,4.0579,4.1286,4.06,3.952,3.8969,3.757,3.6365,3.6796,3.8035,3.8931,3.9748,4.041,4.0773,4.1229,4.009,3.9847,3.9869,3.8856,3.7793,3.6895,3.6806,3.7593,3.8664,3.9864,4.0897,4.08,4.1193,4.0984,4.1207,4.0372,3.923,3.8355,3.6895,3.6697,3.7276,3.8052,3.8806,4.0708,4.0647,4.1352,4.1065,4.0794,4.0453,3.9548,3.8552,3.7615
0.6429,0.5067,0.5228,0.6485,0.7543,0.8531,0.879,0.8635,0.8317,0.7773,0.7208,0.6386,0.5574,0.4962,0.3909,0.5519,0.6789,0.7232,0.8659,0.8259,0.8311,0.826,0.8335,0.7057,0.7308,0.6267,0.511,0.3492,0.5083,0.6977,0.7356,0.8288,0.8339,0.8095,0.8408,0.826,0.7909,0.7578,0.671,0.5316,0.3886,0.5045,0.5619,0.6694,0.7904,0.8279,0.8506,0.8394,0.8609,0.7992,0.757,0.6521,0.5382,0.4339,0.4315,0.5308,0.5773,0.7531,0.7989,0.8254,0.832,0.82,0.7737,0.7641,0.628,0.6482,0.5227,0.3872,0.4656,0.5879,0.7233,0.8002,0.8049,0.8811,0.8662,0.841,0.786,0.7293,0.6439,0.5707,0.4234,0.5154,0.5231,0.7508,0.8245,0.786,0.8701,0.8313,0.7999,0.778,0.7398,0.6234,0.5514,0.4397,0.4122,0.5076,0.6207,0.7324,0.8343,0.8799,0.9169,0.8964,0.8605,0.7389,0.768,0.6035,0.5359,0.412,0.5163,0.6123,0.7372,0.7924,0.8789,0.8446,0.9085,0.8453,0.7897,0.7379,0.6253,0.4931,0.3744,0.4786,0.5515,0.7176,0.7661,0.8597,0.8518,0.9087,0.8289,0.7948,0.7163,0.6887,0.5644,0.4048,0.4318,0.5399,0.5696,0.7498,0.7811,0.8142,0.9056,-1.9316,-1.9228,-2.0155,-2.0966,-2.1635,-2.2825,-2.326,-2.2546,-2.1527,-2.0589,-1.9769,-1.9278,-1.84,-1.8614,-1.9231,-1.9375,-1.981,-2.1619,-2.2064,-2.3252,-2.3013,-2.2235,-2.0856,-1.9962,-1.9327,-1.851,-1.8695,-1.9236,-1.9371,-2.0294,-2.1216,-2.2185,-2.2794,-2.3992,-2.277,-2.1386,-2.0339,-1.927,-1.8776,-1.877,-1.9626,-1.9628,-1.9986,-2.0689,-2.2299,-2.2604,-2.4015,-2.2483,-2.2018,-2.0844,-1.9692,-1.9551,-1.8721,-1.8689,-1.9316,-2.0567,-2.0499,-2.1614,-2.3105
0.5668,0.5163,0.5787,0.7119,0.7189,0.8494,0.8627,0.8653,0.8983,0.774,0.7596,0.6944,0.5541,0.5001,0.419,0.5424,0.6289,0.7122,0.8419,0.8454,0.8888,0.9173,0.7534,0.7319,0.704,0.6187,0.4831,0.455,0.4414,0.5439,0.733,0.8062,0.8467,0.8928,0.8838,0.8689,0.8056,0.7098,0.6983,0.5914,0.4208,0.5013,0.5561,0.7659,0.8099,0.8265,0.9106,0.8887,0.7982,0.7871,0.7045,0.6284,0.5825,0.4211,0.4391,0.5311,0.6395,0.7723,0.7701,0.8719,0.8788,0.9036,0.8444,0.7417,0.7416,0.5772,0.4615,0.4163,0.503,0.6386,0.7533,3.5723,3.6928,3.6609,3.6906,3.7025,3.5767,3.6016,3.4448,3.2769,3.2155,3.2902,3.3925,3.517,3.5635,3.6871,3.7266,3.6993,3.6423,3.5812,3.5261,3.4506,3.396,3.3216,3.2468,3.3376,3.4197,3.6313,3.5709,3.677,3.6734,3.6092,3.6016,3.6143,3.5231,3.3897,3.2834,3.2543,3.3229,3.4002,3.5279,3.6282,3.6191,3.7261,3.7366,3.6273,3.5994,3.492,3.4583,3.4129,3.2762,3.3073,3.4056,3.5218,3.5696,3.6444,3.6913,3.6971,3.6274,3.5804,3.582,3.4494,3.397,3.2324,3.2741,3.3209,3.4813,3.5409,3.6626,3.6653,3.7243,3.6467,3.6298,3.6306,3.4951,3.4682,3.3185,3.1645,3.345,3.4649,3.4947,3.6118,3.5959,3.68,3.7227,3.7261,3.612,3.5121,3.441,3.3859,3.2422,3.2418,3.394,3.5002,3.5849,3.655,3.7523,3.6623,3.6869,3.5591,3.5743,3.4918,3.3788,3.2529,3.2565,3.287,3.47,3.509,3.6139,3.6789,3.7082,3.6746,3.6299,3.6156,3.5162,3.3854,3.2826,3.1561,3.334,3.4562,3.5394,3.6009,3.6464,3.6829,3.6565,3.6664,3.5971,3.5426,3.4354,3.3431
0.5809,0.4518,0.5757,0.7122,0.7869,0.8345,0.8225,0.9341,0.8256,0.7633,0.7404,0.6009,0.6154,0.4831,0.4146,0.5486,0.6613,0.7381,0.7934,0.8695,0.8731,0.8808,0.8819,0.7575,0.6742,0.5811,0.5316,0.3282,0.4292,0.6054,0.6905,0.7741,0.8825,0.928,0.8822,0.863,0.8221,0.7134,0.608,0.5027,0.3639,0.4123,0.5745,0.6472,0.7796,0.7776,0.8842,0.8675,0.8556,0.8635,0.6972,0.6409,0.5653,0.4849,0.3852,0.5817,0.6709,0.7669,0.8385,0.9057,0.8964,0.8953,0.8288,0.7807,0.6913,0.5896,0.4559,0.4091,0.4686,0.6813,0.7425,0.8111,0.8219,0.8736,0.8583,0.8121,0.7687,0.6914,0.6538,0.5112,0.4041,0.4491,0.5859,0.6588,0.7764,0.8126,0.8565,0.8988,0.8652,0.85,0.7652,0.7019,0.5636,0.4314,0.4337,0.5081,0.6386,0.7263,0.811,0.8708,0.875,0.8215,0.7766,0.7654,0.6446,0.5748,0.5108,0.3754,0.4822,0.6186,0.6923,2.6958,2.739,2.7338,2.7282,2.704,2.6547,2.5693,2.4948,2.4166,2.2372,2.286,2.4691,2.4983,2.5847,2.6237,2.7281,2.7187,2.6677,2.5962,2.5923,2.5404,2.4047,2.2759,2.2826,2.3537,2.5307,2.5854,2.7163,2.7208,2.7762,2.8027,2.7043,2.7084,2.5514,2.4879,2.3541,2.2615,2.3467,2.542,2.5869,2.6936,2.7093,2.7552,2.7247,2.6494,2.6694,2.637,2.5112,2.3624,2.2851,2.3793,2.4037,2.4695,2.6897,2.7373,2.7206,2.7569,2.6705,2.6734,2.6029,2.5412,2.4698,2.2635,2.2697,2.4482,2.5371,2.6309,2.6444,2.6631,2.7108,2.7443,2.6419,2.6074,2.517,2.4802,2.3607,2.2621,2.4562,2.4411,2.5806,2.6957,2.7164,2.7528,2.7552,2.7378,2.5986,2.5896,2.4968,2.3465
0.6106,0.5077,0.5691,0.6899,0.7797,0.8026,0.9109,0.8786,0.7808,0.844,0.7205,0.6184,0.5769,0.4774,0.481,0.4885,0.6564,0.6984,0.7986,0.8963,0.9097,0.8997,0.838,0.8118,0.6946,0.6091,0.4788,0.4536,0.4738,0.6161,0.6891,0.7569,0.8,0.8886,0.9079,0.9172,0.7516,0.6761,0.6427,0.4828,0.4064,0.4966,0.6174,0.6377,0.785,0.7818,0.805,0.9163,0.8594,0.8142,0.7048,0.6233,0.4713,0.479,0.3967,0.5886,0.6395,0.7736,0.7935,0.8288,0.8633,0.8881,0.7726,0.7952,0.7607,0.6256,0.4462,0.4066,0.522,0.6258,0.6478,0.7501,0.8758,0.9237,0.8679,0.8296,0.8201,0.7117,0.6254,0.521,0.3986,0.4377,0.5911,0.6693,0.7049,0.8592,0.864,0.9093,0.8364,0.7779,0.7904,0.6755,0.5317,0.4566,0.4305,0.554,0.6286,0.7137,0.751,0.7826,0.9176,0.9056,0.8457,0.7891,0.7076,0.5935,0.469,0.4391,0.4636,0.6183,0.7522,0.7766,0.8874,0.9002,0.8729,0.7968,0.7957,0.731,0.5912,0.5592,0.3932,0.4379,0.5849,0.6754,0.7385,0.885,0.8762,0.9004,0.8501,0.8446,0.7901,0.5631,0.5721,0.4883,0.3875,0.529,0.6462,0.7408,0.8433,0.844,0.83,0.8159,0.8539,0.7933,0.6929,0.6043,0.4613,0.3946,0.4739,0.5989,0.7326,0.8023,0.7886,0.8872,0.8317,0.841,0.7435,0.7083,0.5873,0.5207,0.3901,0.5184,0.5624,0.6842,0.7628,0.8203,0.8921,0.9198,0.8931,0.7931,0.7684,0.7077,0.587,0.4622,0.3911,0.5302,0.6461,0.7044,0.7779,0.8338,0.8149,0.8272,0.7921,0.7493,0.7221,0.5938,0.4875,0.3818,0.526,0.6352,0.7507,0.7605,0.8309,0.9225,0.8349,0.8627,0.7444,0.7206,0.6496,0.5062
0.5952,-2.3837,-2.2539,-2.1039,-2.0567,-1.9833,-1.9359,-1.9468,-1.9874,-2.0342,-2.0842,-2.173,-2.227,-2.3912,-2.3224,-2.2773,-2.1607,-2.14,-2.0115,-1.9513,-1.9158,-2.0242,-1.9794,-2.104,-2.1456,-2.1919,-2.3526,-2.4316,-2.3456,-2.2245,-2.113,-2.0523,-2.0276,-1.9329,-1.9584,-2.0147,-2.0046,-2.1278,-2.1554,-2.2878,-2.4223,-2.3667,-2.2833,-2.0923,-2.0132,-2.0159,-1.9364,-1.9409,-1.9974,-2.0386,-2.0993,-2.097,-2.2576,-2.3899,-2.3595,-2.2602,-2.1814,-2.0627,-2.0588,-2.0081,-1.9155,-1.9382,-2.0032,-2.0417,-2.1803,-2.2544,-2.325,-2.4194,-2.3212,-2.2307,-2.1539,-2.0004,-2.0004,-1.9146,-1.992,-1.9964,-2.0498,-2.0777,-2.2193,-2.3383,-2.3705,-2.3769,-2.2423,-2.0695,-2.0292,-1.9481,-1.972,-1.9068,-1.9645,-2.0042,-2.1185,-2.1777,-2.2223,-2.3621,-2.4199,-2.2476,-2.204,-2.1662,-2.0461,-2.0196,-1.9134,-2.0261,-2.0136,-2.0768,-2.1627,-2.26,-2.381,-2.4269,-2.3091,-2.2537,-2.0837,-2.0237,-1.9891,-1.9745,-1.9375,-2.0393,-2.0916,-2.0647,-2.2055,-2.2864,-2.3486,-2.3378,-2.2354,-2.1671,-2.0123,-1.9954,-2.011,-2.0011,-2.003,-2.0224,-2.036,-2.1739,-2.2893,-2.359,-2.3859,-2.2635,-2.2376,-2.1164,-2.082,-2.004,-1.9501,-1.9904,-2.0033,-2.0946,-2.1199,-2.2431,-2.401,-2.378,-2.38,-2.2284,-2.1517,-2.0041,-1.9804,-1.9412,-1.9227,-2.0207,-2.0983,-2.1027,-2.2313,-2.3104,-2.4103,-2.4218,-2.2707,-2.1496,-2.0614,-1.9957,-1.9165,-1.9912,-2.0025,-1.9857,-2.0577,-2.1042,-2.2286,-2.3969,-2.4204,-2.2893,-2.1296,-2.0728,-2.0493,-1.9763,-1.9847,-1.9547,-2.0176,-2.0493,-2.1666,-2.2356,-2.36,-2.4041,-2.342,-2.2252,-2.0939,-1.9951,-1.9546,-1.9362,-2.0,-1.9997,-2.0659,-2.1304,-2.1859,-2.2995
0.6149,0.4276,0.613,0.6464,0.7851,0.8278,0.8253,0.8978,0.8474,0.7736,0.7847,0.6181,0.5398,0.4658,3.574,3.7036,3.8129,3.9123,3.9381,3.9978,4.0347,4.0476,3.9987,3.9195,3.8386,3.7463,3.6417,3.5639,3.6559,3.7748,3.8836,3.9333,4.0255,4.0226,4.0616,4.0392,3.9607,3.86,3.7974,3.6975,3.6007,3.6645,3.7156,3.8323,3.9506,3.9924,4.0535,3.9812,4.0068,3.9571,3.9718,3.79,3.7439,3.6254,3.6358,3.6742,3.8848,3.9124,3.944,4.0143,4.0347,4.0754,4.0299,3.8872,3.8547,3.8002,3.6233,3.5561,3.7112,3.735,3.9365,4.0077,4.0406,3.9608,4.0125,3.9839,3.9323,3.8755,3.7597,3.6241,3.5448,3.6612,3.8132,3.8352,3.9498,4.0112,3.9895,4.0588,4.0482,3.9656,3.8931,3.9009,3.7023,3.6368,3.6187,3.7113,3.8043,3.9509,3.9347,4.033,4.0996,4.0488,3.9615,3.9102,3.8484,3.7661,3.6508,3.5492,3.6645,3.8036,3.8432,3.9662,4.0371,4.0939,4.0571,4.0156,3.9251,3.8963,3.8231,3.7496,3.5564,3.6228,3.7573,3.8075,3.9359,3.9967,4.005,4.0337,4.0276,3.9887,3.8949,3.8648,3.7766,3.5814,3.6437,3.7131,3.8214,3.8983,3.9948,4.0391,4.1116,4.0277,4.0057,3.9201,3.8674,3.7331,3.6994,3.5799,3.6213,3.6907,3.8794,3.9322,4.0339,4.0179,4.0138,3.987,3.9078,3.9215,3.7767,3.743,3.607,3.6231,3.7399,3.8662,3.9424,3.9753,4.0145,4.0928,4.0049,3.9783,3.9062,3.8429,3.6755,3.6172,3.6305,3.6485,3.7767,3.8955,3.9178,4.0285,4.0856,4.09,3.9328,3.9382,3.8594,3.7342,3.6409,3.5972,3.6347,3.7424,3.8443,3.9241,3.9277,4.0836,4.0231,3.9981,4.0464,3.8857,3.8302,3.7172
0.5876,0.4451,0.5857,0.6682,0.7275,0.7964,0.8942,0.8938,0.8755,0.7809,0.7517,0.716,0.5572,0.4019,0.3459,0.5141,0.7124,0.7234,0.7811,0.9176,0.9137,0.8757,0.788,0.7732,0.6491,0.6589,0.4964,0.415,0.5484,0.6677,0.6873,0.7469,0.8855,0.8045,0.8592,0.8465,0.694,2.1978,2.1041,1.9779,1.8347,1.9082,2.0382,2.1447,2.2066,2.2985,2.338,2.3419,2.2825,2.2847,2.2211,2.0768,2.0268,1.9034,1.938,2.0401,2.1236,2.235,2.2449,2.3342,2.3585,2.3169,2.2544,2.2428,2.1578,2.048,1.9087,1.9175,1.9575,2.0364,2.172,2.2472,2.3021,2.3428,2.323,2.2936,2.2662,2.1687,2.0552,2.0006,1.8116,2.0025,2.0115,2.1425,2.2316,2.2543,2.3395,2.4,2.3416,2.2724,2.2079,2.1456,2.0402,1.9336,1.8548,1.9795,2.1166,2.198,2.2451,2.2592,2.3487,2.3297,2.265,2.2432,2.1208,2.0403,1.9363,1.8629,2.0203,2.0714,2.1676,2.3281,2.3367,2.334,2.2988,2.2928,2.2409,2.1986,2.0977,1.9352,1.8848,1.9546,2.043,2.1337,2.2016,2.3305,2.3394,2.3522,2.3231,2.3247,2.231,2.1305,2.0719,1.9115,1.9,2.0557,2.1831,2.2091,2.2693,2.3335,2.3659,2.3006,2.2808,2.268,2.1686,2.0743,1.9974,1.8493,1.972,2.1315,2.1406,2.2914,2.32,2.3646,2.3079,2.265,2.2385,2.1764,2.1308,1.9748,1.8692,1.9159,2.0075,2.1563,2.2871,2.2941,2.2723,2.3787,2.3458,2.2584,2.1722,2.1529,2.038,1.8934,1.8589,1.9737,2.1472,2.1792,2.3079,2.2549,2.3929,2.3277,2.3417,2.2493,2.1645,2.0739,1.977,1.8252,1.9752,2.1556,2.19,2.2487,2.3495,2.306,2.3381,2.2791,2.2907,2.1993,2.0977,2.0139
